filename,text,speaker
aga1.wav,aga,default
aga1che.wav,aga,che
aga2.wav,aga,default
aga2che.wav,aga,che
aga3.wav,aga,default
aga3che.wav,aga,che
aga4.wav,aga,default
aga4che.wav,aga,che
aga5.wav,aga,default
aga5che.wav,aga,che
agamig1.wav,aga,mig
agamig2.wav,aga,mig
agamig3.wav,aga,mig
agamig4.wav,aga,mig
agamig5.wav,aga,mig
gab-i1.wav,gabi,default
gab-i1che.wav,gabi,che
gab-i1mig.wav,gabi,mig
gab-i2.wav,gabi,default
gab-i2che.wav,gabi,che
gab-i2mig.wav,gabi,mig
gab-i3.wav,gabi,default
gab-i3che.wav,gabi,che
gab-i3mig.wav,gabi,mig
gab-i4.wav,gabi,default
gab-i4che.wav,gabi,che
gab-i4mig.wav,gabi,mig
gab-i5.wav,gabi,default
gab-i5che.wav,gabi,che
gab-i5mig.wav,gabi,mig
maupay1.wav,maupay,default
maupay1che.wav,maupay,che
maupay1mig.wav,maupay,mig
maupay2.wav,maupay,default
maupay2che.wav,maupay,che
maupay2mig.wav,maupay,mig
maupay3.wav,maupay,default
maupay3che.wav,maupay,che
maupay3mig.wav,maupay,mig
maupay4.wav,maupay,default
maupay4che.wav,maupay,che
maupay4mig.wav,maupay,mig
maupay5.wav,maupay,default
maupay5che.wav,maupay,che
maupay5mig.wav,maupay,mig
ngaran1.wav,ngaran,default
ngaran1che.wav,ngaran,che
ngaran1mig.wav,ngaran,mig
ngaran2.wav,ngaran,default
ngaran2che.wav,ngaran,che
ngaran2mig.wav,ngaran,mig
ngaran3.wav,ngaran,default
ngaran3che.wav,ngaran,che
ngaran3mig.wav,ngaran,mig
ngaran4.wav,ngaran,default
ngaran4che.wav,ngaran,che
ngaran4mig.wav,ngaran,mig
ngaran5.wav,ngaran,default
ngaran5che.wav,ngaran,che
ngaran5mig.wav,ngaran,mig
adi_che (1).wav,adi,che
adi_che (10).wav,adi,che
adi_che (100).wav,adi,che
adi_che (101).wav,adi,che
adi_che (11).wav,adi,che
adi_che (12).wav,adi,che
adi_che (13).wav,adi,che
adi_che (14).wav,adi,che
adi_che (15).wav,adi,che
adi_che (16).wav,adi,che
adi_che (17).wav,adi,che
adi_che (18).wav,adi,che
adi_che (19).wav,adi,che
adi_che (2).wav,adi,che
adi_che (20).wav,adi,che
adi_che (21).wav,adi,che
adi_che (22).wav,adi,che
adi_che (23).wav,adi,che
adi_che (24).wav,adi,che
adi_che (25).wav,adi,che
adi_che (26).wav,adi,che
adi_che (27).wav,adi,che
adi_che (28).wav,adi,che
adi_che (29).wav,adi,che
adi_che (3).wav,adi,che
adi_che (30).wav,adi,che
adi_che (31).wav,adi,che
adi_che (32).wav,adi,che
adi_che (33).wav,adi,che
adi_che (34).wav,adi,che
adi_che (35).wav,adi,che
adi_che (36).wav,adi,che
adi_che (37).wav,adi,che
adi_che (38).wav,adi,che
adi_che (39).wav,adi,che
adi_che (4).wav,adi,che
adi_che (40).wav,adi,che
adi_che (41).wav,adi,che
adi_che (42).wav,adi,che
adi_che (43).wav,adi,che
adi_che (44).wav,adi,che
adi_che (45).wav,adi,che
adi_che (46).wav,adi,che
adi_che (47).wav,adi,che
adi_che (48).wav,adi,che
adi_che (49).wav,adi,che
adi_che (5).wav,adi,che
adi_che (50).wav,adi,che
adi_che (51).wav,adi,che
adi_che (52).wav,adi,che
adi_che (53).wav,adi,che
adi_che (54).wav,adi,che
adi_che (55).wav,adi,che
adi_che (56).wav,adi,che
adi_che (57).wav,adi,che
adi_che (58).wav,adi,che
adi_che (59).wav,adi,che
adi_che (6).wav,adi,che
adi_che (60).wav,adi,che
adi_che (61).wav,adi,che
adi_che (62).wav,adi,che
adi_che (63).wav,adi,che
adi_che (64).wav,adi,che
adi_che (65).wav,adi,che
adi_che (66).wav,adi,che
adi_che (67).wav,adi,che
adi_che (68).wav,adi,che
adi_che (69).wav,adi,che
adi_che (7).wav,adi,che
adi_che (70).wav,adi,che
adi_che (71).wav,adi,che
adi_che (72).wav,adi,che
adi_che (73).wav,adi,che
adi_che (74).wav,adi,che
adi_che (75).wav,adi,che
adi_che (76).wav,adi,che
adi_che (77).wav,adi,che
adi_che (78).wav,adi,che
adi_che (79).wav,adi,che
adi_che (8).wav,adi,che
adi_che (80).wav,adi,che
adi_che (81).wav,adi,che
adi_che (82).wav,adi,che
adi_che (83).wav,adi,che
adi_che (84).wav,adi,che
adi_che (85).wav,adi,che
adi_che (86).wav,adi,che
adi_che (87).wav,adi,che
adi_che (88).wav,adi,che
adi_che (89).wav,adi,che
adi_che (9).wav,adi,che
adi_che (90).wav,adi,che
adi_che (91).wav,adi,che
adi_che (92).wav,adi,che
adi_che (93).wav,adi,che
adi_che (94).wav,adi,che
adi_che (95).wav,adi,che
adi_che (96).wav,adi,che
adi_che (97).wav,adi,che
adi_che (98).wav,adi,che
adi_che (99).wav,adi,che
adi_gab (1).wav,adi,gab
adi_gab (10).wav,adi,gab
adi_gab (100).wav,adi,gab
adi_gab (11).wav,adi,gab
adi_gab (12).wav,adi,gab
adi_gab (13).wav,adi,gab
adi_gab (14).wav,adi,gab
adi_gab (15).wav,adi,gab
adi_gab (16).wav,adi,gab
adi_gab (17).wav,adi,gab
adi_gab (18).wav,adi,gab
adi_gab (19).wav,adi,gab
adi_gab (2).wav,adi,gab
adi_gab (20).wav,adi,gab
adi_gab (21).wav,adi,gab
adi_gab (22).wav,adi,gab
adi_gab (23).wav,adi,gab
adi_gab (24).wav,adi,gab
adi_gab (25).wav,adi,gab
adi_gab (26).wav,adi,gab
adi_gab (27).wav,adi,gab
adi_gab (28).wav,adi,gab
adi_gab (29).wav,adi,gab
adi_gab (3).wav,adi,gab
adi_gab (30).wav,adi,gab
adi_gab (31).wav,adi,gab
adi_gab (32).wav,adi,gab
adi_gab (33).wav,adi,gab
adi_gab (34).wav,adi,gab
adi_gab (35).wav,adi,gab
adi_gab (36).wav,adi,gab
adi_gab (37).wav,adi,gab
adi_gab (38).wav,adi,gab
adi_gab (39).wav,adi,gab
adi_gab (4).wav,adi,gab
adi_gab (40).wav,adi,gab
adi_gab (41).wav,adi,gab
adi_gab (42).wav,adi,gab
adi_gab (43).wav,adi,gab
adi_gab (44).wav,adi,gab
adi_gab (45).wav,adi,gab
adi_gab (46).wav,adi,gab
adi_gab (47).wav,adi,gab
adi_gab (48).wav,adi,gab
adi_gab (49).wav,adi,gab
adi_gab (5).wav,adi,gab
adi_gab (50).wav,adi,gab
adi_gab (51).wav,adi,gab
adi_gab (52).wav,adi,gab
adi_gab (53).wav,adi,gab
adi_gab (54).wav,adi,gab
adi_gab (55).wav,adi,gab
adi_gab (56).wav,adi,gab
adi_gab (57).wav,adi,gab
adi_gab (58).wav,adi,gab
adi_gab (59).wav,adi,gab
adi_gab (6).wav,adi,gab
adi_gab (60).wav,adi,gab
adi_gab (61).wav,adi,gab
adi_gab (62).wav,adi,gab
adi_gab (63).wav,adi,gab
adi_gab (64).wav,adi,gab
adi_gab (65).wav,adi,gab
adi_gab (66).wav,adi,gab
adi_gab (67).wav,adi,gab
adi_gab (68).wav,adi,gab
adi_gab (69).wav,adi,gab
adi_gab (7).wav,adi,gab
adi_gab (70).wav,adi,gab
adi_gab (71).wav,adi,gab
adi_gab (72).wav,adi,gab
adi_gab (73).wav,adi,gab
adi_gab (74).wav,adi,gab
adi_gab (75).wav,adi,gab
adi_gab (76).wav,adi,gab
adi_gab (77).wav,adi,gab
adi_gab (78).wav,adi,gab
adi_gab (79).wav,adi,gab
adi_gab (8).wav,adi,gab
adi_gab (80).wav,adi,gab
adi_gab (81).wav,adi,gab
adi_gab (82).wav,adi,gab
adi_gab (83).wav,adi,gab
adi_gab (84).wav,adi,gab
adi_gab (85).wav,adi,gab
adi_gab (86).wav,adi,gab
adi_gab (87).wav,adi,gab
adi_gab (88).wav,adi,gab
adi_gab (89).wav,adi,gab
adi_gab (9).wav,adi,gab
adi_gab (90).wav,adi,gab
adi_gab (91).wav,adi,gab
adi_gab (92).wav,adi,gab
adi_gab (93).wav,adi,gab
adi_gab (94).wav,adi,gab
adi_gab (95).wav,adi,gab
adi_gab (96).wav,adi,gab
adi_gab (97).wav,adi,gab
adi_gab (98).wav,adi,gab
adi_gab (99).wav,adi,gab
adi_nicole (1).wav,adi,nicole
adi_nicole (10).wav,adi,nicole
adi_nicole (100).wav,adi,nicole
adi_nicole (11).wav,adi,nicole
adi_nicole (12).wav,adi,nicole
adi_nicole (13).wav,adi,nicole
adi_nicole (14).wav,adi,nicole
adi_nicole (15).wav,adi,nicole
adi_nicole (16).wav,adi,nicole
adi_nicole (17).wav,adi,nicole
adi_nicole (18).wav,adi,nicole
adi_nicole (19).wav,adi,nicole
adi_nicole (2).wav,adi,nicole
adi_nicole (20).wav,adi,nicole
adi_nicole (21).wav,adi,nicole
adi_nicole (22).wav,adi,nicole
adi_nicole (23).wav,adi,nicole
adi_nicole (24).wav,adi,nicole
adi_nicole (25).wav,adi,nicole
adi_nicole (26).wav,adi,nicole
adi_nicole (27).wav,adi,nicole
adi_nicole (28).wav,adi,nicole
adi_nicole (29).wav,adi,nicole
adi_nicole (3).wav,adi,nicole
adi_nicole (30).wav,adi,nicole
adi_nicole (31).wav,adi,nicole
adi_nicole (32).wav,adi,nicole
adi_nicole (33).wav,adi,nicole
adi_nicole (34).wav,adi,nicole
adi_nicole (35).wav,adi,nicole
adi_nicole (36).wav,adi,nicole
adi_nicole (37).wav,adi,nicole
adi_nicole (38).wav,adi,nicole
adi_nicole (39).wav,adi,nicole
adi_nicole (4).wav,adi,nicole
adi_nicole (40).wav,adi,nicole
adi_nicole (41).wav,adi,nicole
adi_nicole (42).wav,adi,nicole
adi_nicole (43).wav,adi,nicole
adi_nicole (44).wav,adi,nicole
adi_nicole (45).wav,adi,nicole
adi_nicole (46).wav,adi,nicole
adi_nicole (47).wav,adi,nicole
adi_nicole (48).wav,adi,nicole
adi_nicole (49).wav,adi,nicole
adi_nicole (5).wav,adi,nicole
adi_nicole (50).wav,adi,nicole
adi_nicole (51).wav,adi,nicole
adi_nicole (52).wav,adi,nicole
adi_nicole (53).wav,adi,nicole
adi_nicole (54).wav,adi,nicole
adi_nicole (55).wav,adi,nicole
adi_nicole (56).wav,adi,nicole
adi_nicole (57).wav,adi,nicole
adi_nicole (58).wav,adi,nicole
adi_nicole (59).wav,adi,nicole
adi_nicole (6).wav,adi,nicole
adi_nicole (60).wav,adi,nicole
adi_nicole (61).wav,adi,nicole
adi_nicole (62).wav,adi,nicole
adi_nicole (63).wav,adi,nicole
adi_nicole (64).wav,adi,nicole
adi_nicole (65).wav,adi,nicole
adi_nicole (66).wav,adi,nicole
adi_nicole (67).wav,adi,nicole
adi_nicole (68).wav,adi,nicole
adi_nicole (69).wav,adi,nicole
adi_nicole (7).wav,adi,nicole
adi_nicole (70).wav,adi,nicole
adi_nicole (71).wav,adi,nicole
adi_nicole (72).wav,adi,nicole
adi_nicole (73).wav,adi,nicole
adi_nicole (74).wav,adi,nicole
adi_nicole (75).wav,adi,nicole
adi_nicole (76).wav,adi,nicole
adi_nicole (77).wav,adi,nicole
adi_nicole (78).wav,adi,nicole
adi_nicole (79).wav,adi,nicole
adi_nicole (8).wav,adi,nicole
adi_nicole (80).wav,adi,nicole
adi_nicole (81).wav,adi,nicole
adi_nicole (82).wav,adi,nicole
adi_nicole (83).wav,adi,nicole
adi_nicole (84).wav,adi,nicole
adi_nicole (85).wav,adi,nicole
adi_nicole (86).wav,adi,nicole
adi_nicole (87).wav,adi,nicole
adi_nicole (88).wav,adi,nicole
adi_nicole (89).wav,adi,nicole
adi_nicole (9).wav,adi,nicole
adi_nicole (90).wav,adi,nicole
adi_nicole (91).wav,adi,nicole
adi_nicole (92).wav,adi,nicole
adi_nicole (93).wav,adi,nicole
adi_nicole (94).wav,adi,nicole
adi_nicole (95).wav,adi,nicole
adi_nicole (96).wav,adi,nicole
adi_nicole (97).wav,adi,nicole
adi_nicole (98).wav,adi,nicole
adi_nicole (99).wav,adi,nicole
adi_sam (1).wav,adi,sam
adi_sam (10).wav,adi,sam
adi_sam (11).wav,adi,sam
adi_sam (12).wav,adi,sam
adi_sam (13).wav,adi,sam
adi_sam (14).wav,adi,sam
adi_sam (15).wav,adi,sam
adi_sam (16).wav,adi,sam
adi_sam (17).wav,adi,sam
adi_sam (18).wav,adi,sam
adi_sam (19).wav,adi,sam
adi_sam (2).wav,adi,sam
adi_sam (20).wav,adi,sam
adi_sam (3).wav,adi,sam
adi_sam (4).wav,adi,sam
adi_sam (5).wav,adi,sam
adi_sam (6).wav,adi,sam
adi_sam (7).wav,adi,sam
adi_sam (8).wav,adi,sam
adi_sam (9).wav,adi,sam
alayon_nicole (1).wav,alayon,nicole
alayon_nicole (10).wav,alayon,nicole
alayon_nicole (100).wav,alayon,nicole
alayon_nicole (11).wav,alayon,nicole
alayon_nicole (12).wav,alayon,nicole
alayon_nicole (13).wav,alayon,nicole
alayon_nicole (14).wav,alayon,nicole
alayon_nicole (15).wav,alayon,nicole
alayon_nicole (16).wav,alayon,nicole
alayon_nicole (17).wav,alayon,nicole
alayon_nicole (18).wav,alayon,nicole
alayon_nicole (19).wav,alayon,nicole
alayon_nicole (2).wav,alayon,nicole
alayon_nicole (20).wav,alayon,nicole
alayon_nicole (21).wav,alayon,nicole
alayon_nicole (22).wav,alayon,nicole
alayon_nicole (23).wav,alayon,nicole
alayon_nicole (24).wav,alayon,nicole
alayon_nicole (25).wav,alayon,nicole
alayon_nicole (26).wav,alayon,nicole
alayon_nicole (27).wav,alayon,nicole
alayon_nicole (28).wav,alayon,nicole
alayon_nicole (29).wav,alayon,nicole
alayon_nicole (3).wav,alayon,nicole
alayon_nicole (30).wav,alayon,nicole
alayon_nicole (31).wav,alayon,nicole
alayon_nicole (32).wav,alayon,nicole
alayon_nicole (33).wav,alayon,nicole
alayon_nicole (34).wav,alayon,nicole
alayon_nicole (35).wav,alayon,nicole
alayon_nicole (36).wav,alayon,nicole
alayon_nicole (37).wav,alayon,nicole
alayon_nicole (38).wav,alayon,nicole
alayon_nicole (39).wav,alayon,nicole
alayon_nicole (4).wav,alayon,nicole
alayon_nicole (40).wav,alayon,nicole
alayon_nicole (41).wav,alayon,nicole
alayon_nicole (42).wav,alayon,nicole
alayon_nicole (43).wav,alayon,nicole
alayon_nicole (44).wav,alayon,nicole
alayon_nicole (45).wav,alayon,nicole
alayon_nicole (46).wav,alayon,nicole
alayon_nicole (47).wav,alayon,nicole
alayon_nicole (48).wav,alayon,nicole
alayon_nicole (49).wav,alayon,nicole
alayon_nicole (5).wav,alayon,nicole
alayon_nicole (50).wav,alayon,nicole
alayon_nicole (51).wav,alayon,nicole
alayon_nicole (52).wav,alayon,nicole
alayon_nicole (53).wav,alayon,nicole
alayon_nicole (54).wav,alayon,nicole
alayon_nicole (55).wav,alayon,nicole
alayon_nicole (56).wav,alayon,nicole
alayon_nicole (57).wav,alayon,nicole
alayon_nicole (58).wav,alayon,nicole
alayon_nicole (59).wav,alayon,nicole
alayon_nicole (6).wav,alayon,nicole
alayon_nicole (60).wav,alayon,nicole
alayon_nicole (61).wav,alayon,nicole
alayon_nicole (62).wav,alayon,nicole
alayon_nicole (63).wav,alayon,nicole
alayon_nicole (64).wav,alayon,nicole
alayon_nicole (65).wav,alayon,nicole
alayon_nicole (66).wav,alayon,nicole
alayon_nicole (67).wav,alayon,nicole
alayon_nicole (68).wav,alayon,nicole
alayon_nicole (69).wav,alayon,nicole
alayon_nicole (7).wav,alayon,nicole
alayon_nicole (70).wav,alayon,nicole
alayon_nicole (71).wav,alayon,nicole
alayon_nicole (72).wav,alayon,nicole
alayon_nicole (73).wav,alayon,nicole
alayon_nicole (74).wav,alayon,nicole
alayon_nicole (75).wav,alayon,nicole
alayon_nicole (76).wav,alayon,nicole
alayon_nicole (77).wav,alayon,nicole
alayon_nicole (78).wav,alayon,nicole
alayon_nicole (79).wav,alayon,nicole
alayon_nicole (8).wav,alayon,nicole
alayon_nicole (80).wav,alayon,nicole
alayon_nicole (81).wav,alayon,nicole
alayon_nicole (82).wav,alayon,nicole
alayon_nicole (83).wav,alayon,nicole
alayon_nicole (84).wav,alayon,nicole
alayon_nicole (85).wav,alayon,nicole
alayon_nicole (86).wav,alayon,nicole
alayon_nicole (87).wav,alayon,nicole
alayon_nicole (88).wav,alayon,nicole
alayon_nicole (89).wav,alayon,nicole
alayon_nicole (9).wav,alayon,nicole
alayon_nicole (90).wav,alayon,nicole
alayon_nicole (91).wav,alayon,nicole
alayon_nicole (92).wav,alayon,nicole
alayon_nicole (93).wav,alayon,nicole
alayon_nicole (94).wav,alayon,nicole
alayon_nicole (95).wav,alayon,nicole
alayon_nicole (96).wav,alayon,nicole
alayon_nicole (97).wav,alayon,nicole
alayon_nicole (98).wav,alayon,nicole
alayon_nicole (99).wav,alayon,nicole
alayon_che (1).wav,alayon,che
alayon_che (10).wav,alayon,che
alayon_che (100).wav,alayon,che
alayon_che (11).wav,alayon,che
alayon_che (12).wav,alayon,che
alayon_che (13).wav,alayon,che
alayon_che (14).wav,alayon,che
alayon_che (15).wav,alayon,che
alayon_che (16).wav,alayon,che
alayon_che (17).wav,alayon,che
alayon_che (18).wav,alayon,che
alayon_che (19).wav,alayon,che
alayon_che (2).wav,alayon,che
alayon_che (20).wav,alayon,che
alayon_che (21).wav,alayon,che
alayon_che (22).wav,alayon,che
alayon_che (23).wav,alayon,che
alayon_che (24).wav,alayon,che
alayon_che (25).wav,alayon,che
alayon_che (26).wav,alayon,che
alayon_che (27).wav,alayon,che
alayon_che (28).wav,alayon,che
alayon_che (29).wav,alayon,che
alayon_che (3).wav,alayon,che
alayon_che (30).wav,alayon,che
alayon_che (31).wav,alayon,che
alayon_che (32).wav,alayon,che
alayon_che (33).wav,alayon,che
alayon_che (34).wav,alayon,che
alayon_che (35).wav,alayon,che
alayon_che (36).wav,alayon,che
alayon_che (37).wav,alayon,che
alayon_che (38).wav,alayon,che
alayon_che (39).wav,alayon,che
alayon_che (4).wav,alayon,che
alayon_che (40).wav,alayon,che
alayon_che (41).wav,alayon,che
alayon_che (42).wav,alayon,che
alayon_che (43).wav,alayon,che
alayon_che (44).wav,alayon,che
alayon_che (45).wav,alayon,che
alayon_che (46).wav,alayon,che
alayon_che (47).wav,alayon,che
alayon_che (48).wav,alayon,che
alayon_che (49).wav,alayon,che
alayon_che (5).wav,alayon,che
alayon_che (50).wav,alayon,che
alayon_che (51).wav,alayon,che
alayon_che (52).wav,alayon,che
alayon_che (53).wav,alayon,che
alayon_che (54).wav,alayon,che
alayon_che (55).wav,alayon,che
alayon_che (56).wav,alayon,che
alayon_che (57).wav,alayon,che
alayon_che (58).wav,alayon,che
alayon_che (59).wav,alayon,che
alayon_che (6).wav,alayon,che
alayon_che (60).wav,alayon,che
alayon_che (61).wav,alayon,che
alayon_che (62).wav,alayon,che
alayon_che (63).wav,alayon,che
alayon_che (64).wav,alayon,che
alayon_che (65).wav,alayon,che
alayon_che (66).wav,alayon,che
alayon_che (67).wav,alayon,che
alayon_che (68).wav,alayon,che
alayon_che (69).wav,alayon,che
alayon_che (7).wav,alayon,che
alayon_che (70).wav,alayon,che
alayon_che (71).wav,alayon,che
alayon_che (72).wav,alayon,che
alayon_che (73).wav,alayon,che
alayon_che (74).wav,alayon,che
alayon_che (75).wav,alayon,che
alayon_che (76).wav,alayon,che
alayon_che (77).wav,alayon,che
alayon_che (78).wav,alayon,che
alayon_che (79).wav,alayon,che
alayon_che (8).wav,alayon,che
alayon_che (80).wav,alayon,che
alayon_che (81).wav,alayon,che
alayon_che (82).wav,alayon,che
alayon_che (83).wav,alayon,che
alayon_che (84).wav,alayon,che
alayon_che (85).wav,alayon,che
alayon_che (86).wav,alayon,che
alayon_che (87).wav,alayon,che
alayon_che (88).wav,alayon,che
alayon_che (89).wav,alayon,che
alayon_che (9).wav,alayon,che
alayon_che (90).wav,alayon,che
alayon_che (91).wav,alayon,che
alayon_che (92).wav,alayon,che
alayon_che (93).wav,alayon,che
alayon_che (94).wav,alayon,che
alayon_che (95).wav,alayon,che
alayon_che (96).wav,alayon,che
alayon_che (97).wav,alayon,che
alayon_che (98).wav,alayon,che
alayon_che (99).wav,alayon,che
alayon_gab (1).wav,alayon,gab
alayon_gab (10).wav,alayon,gab
alayon_gab (100).wav,alayon,gab
alayon_gab (11).wav,alayon,gab
alayon_gab (12).wav,alayon,gab
alayon_gab (13).wav,alayon,gab
alayon_gab (14).wav,alayon,gab
alayon_gab (15).wav,alayon,gab
alayon_gab (16).wav,alayon,gab
alayon_gab (17).wav,alayon,gab
alayon_gab (18).wav,alayon,gab
alayon_gab (19).wav,alayon,gab
alayon_gab (2).wav,alayon,gab
alayon_gab (20).wav,alayon,gab
alayon_gab (21).wav,alayon,gab
alayon_gab (22).wav,alayon,gab
alayon_gab (23).wav,alayon,gab
alayon_gab (24).wav,alayon,gab
alayon_gab (25).wav,alayon,gab
alayon_gab (26).wav,alayon,gab
alayon_gab (27).wav,alayon,gab
alayon_gab (28).wav,alayon,gab
alayon_gab (29).wav,alayon,gab
alayon_gab (3).wav,alayon,gab
alayon_gab (30).wav,alayon,gab
alayon_gab (31).wav,alayon,gab
alayon_gab (32).wav,alayon,gab
alayon_gab (33).wav,alayon,gab
alayon_gab (34).wav,alayon,gab
alayon_gab (35).wav,alayon,gab
alayon_gab (36).wav,alayon,gab
alayon_gab (37).wav,alayon,gab
alayon_gab (38).wav,alayon,gab
alayon_gab (39).wav,alayon,gab
alayon_gab (4).wav,alayon,gab
alayon_gab (40).wav,alayon,gab
alayon_gab (41).wav,alayon,gab
alayon_gab (42).wav,alayon,gab
alayon_gab (43).wav,alayon,gab
alayon_gab (44).wav,alayon,gab
alayon_gab (45).wav,alayon,gab
alayon_gab (46).wav,alayon,gab
alayon_gab (47).wav,alayon,gab
alayon_gab (48).wav,alayon,gab
alayon_gab (49).wav,alayon,gab
alayon_gab (5).wav,alayon,gab
alayon_gab (50).wav,alayon,gab
alayon_gab (51).wav,alayon,gab
alayon_gab (52).wav,alayon,gab
alayon_gab (53).wav,alayon,gab
alayon_gab (54).wav,alayon,gab
alayon_gab (55).wav,alayon,gab
alayon_gab (56).wav,alayon,gab
alayon_gab (57).wav,alayon,gab
alayon_gab (58).wav,alayon,gab
alayon_gab (59).wav,alayon,gab
alayon_gab (6).wav,alayon,gab
alayon_gab (60).wav,alayon,gab
alayon_gab (61).wav,alayon,gab
alayon_gab (62).wav,alayon,gab
alayon_gab (63).wav,alayon,gab
alayon_gab (64).wav,alayon,gab
alayon_gab (65).wav,alayon,gab
alayon_gab (66).wav,alayon,gab
alayon_gab (67).wav,alayon,gab
alayon_gab (68).wav,alayon,gab
alayon_gab (69).wav,alayon,gab
alayon_gab (7).wav,alayon,gab
alayon_gab (70).wav,alayon,gab
alayon_gab (71).wav,alayon,gab
alayon_gab (72).wav,alayon,gab
alayon_gab (73).wav,alayon,gab
alayon_gab (74).wav,alayon,gab
alayon_gab (75).wav,alayon,gab
alayon_gab (76).wav,alayon,gab
alayon_gab (77).wav,alayon,gab
alayon_gab (78).wav,alayon,gab
alayon_gab (79).wav,alayon,gab
alayon_gab (8).wav,alayon,gab
alayon_gab (80).wav,alayon,gab
alayon_gab (81).wav,alayon,gab
alayon_gab (82).wav,alayon,gab
alayon_gab (83).wav,alayon,gab
alayon_gab (84).wav,alayon,gab
alayon_gab (85).wav,alayon,gab
alayon_gab (86).wav,alayon,gab
alayon_gab (87).wav,alayon,gab
alayon_gab (88).wav,alayon,gab
alayon_gab (89).wav,alayon,gab
alayon_gab (9).wav,alayon,gab
alayon_gab (90).wav,alayon,gab
alayon_gab (91).wav,alayon,gab
alayon_gab (92).wav,alayon,gab
alayon_gab (93).wav,alayon,gab
alayon_gab (94).wav,alayon,gab
alayon_gab (95).wav,alayon,gab
alayon_gab (96).wav,alayon,gab
alayon_gab (97).wav,alayon,gab
alayon_gab (98).wav,alayon,gab
alayon_gab (99).wav,alayon,gab
alayon_sam (1).wav,alayon,sam
alayon_sam (10).wav,alayon,sam
alayon_sam (11).wav,alayon,sam
alayon_sam (12).wav,alayon,sam
alayon_sam (13).wav,alayon,sam
alayon_sam (14).wav,alayon,sam
alayon_sam (15).wav,alayon,sam
alayon_sam (16).wav,alayon,sam
alayon_sam (17).wav,alayon,sam
alayon_sam (18).wav,alayon,sam
alayon_sam (19).wav,alayon,sam
alayon_sam (2).wav,alayon,sam
alayon_sam (20).wav,alayon,sam
alayon_sam (3).wav,alayon,sam
alayon_sam (4).wav,alayon,sam
alayon_sam (5).wav,alayon,sam
alayon_sam (6).wav,alayon,sam
alayon_sam (7).wav,alayon,sam
alayon_sam (8).wav,alayon,sam
alayon_sam (9).wav,alayon,sam
buwas_che (1).wav,buwas,che
buwas_che (10).wav,buwas,che
buwas_che (100).wav,buwas,che
buwas_che (101).wav,buwas,che
buwas_che (11).wav,buwas,che
buwas_che (12).wav,buwas,che
buwas_che (13).wav,buwas,che
buwas_che (14).wav,buwas,che
buwas_che (15).wav,buwas,che
buwas_che (16).wav,buwas,che
buwas_che (17).wav,buwas,che
buwas_che (18).wav,buwas,che
buwas_che (19).wav,buwas,che
buwas_che (2).wav,buwas,che
buwas_che (20).wav,buwas,che
buwas_che (21).wav,buwas,che
buwas_che (22).wav,buwas,che
buwas_che (23).wav,buwas,che
buwas_che (24).wav,buwas,che
buwas_che (25).wav,buwas,che
buwas_che (26).wav,buwas,che
buwas_che (27).wav,buwas,che
buwas_che (28).wav,buwas,che
buwas_che (29).wav,buwas,che
buwas_che (3).wav,buwas,che
buwas_che (30).wav,buwas,che
buwas_che (31).wav,buwas,che
buwas_che (32).wav,buwas,che
buwas_che (33).wav,buwas,che
buwas_che (34).wav,buwas,che
buwas_che (35).wav,buwas,che
buwas_che (36).wav,buwas,che
buwas_che (37).wav,buwas,che
buwas_che (38).wav,buwas,che
buwas_che (39).wav,buwas,che
buwas_che (4).wav,buwas,che
buwas_che (40).wav,buwas,che
buwas_che (41).wav,buwas,che
buwas_che (42).wav,buwas,che
buwas_che (43).wav,buwas,che
buwas_che (44).wav,buwas,che
buwas_che (45).wav,buwas,che
buwas_che (46).wav,buwas,che
buwas_che (47).wav,buwas,che
buwas_che (48).wav,buwas,che
buwas_che (49).wav,buwas,che
buwas_che (5).wav,buwas,che
buwas_che (50).wav,buwas,che
buwas_che (51).wav,buwas,che
buwas_che (52).wav,buwas,che
buwas_che (53).wav,buwas,che
buwas_che (54).wav,buwas,che
buwas_che (55).wav,buwas,che
buwas_che (56).wav,buwas,che
buwas_che (57).wav,buwas,che
buwas_che (58).wav,buwas,che
buwas_che (59).wav,buwas,che
buwas_che (6).wav,buwas,che
buwas_che (60).wav,buwas,che
buwas_che (61).wav,buwas,che
buwas_che (62).wav,buwas,che
buwas_che (63).wav,buwas,che
buwas_che (64).wav,buwas,che
buwas_che (65).wav,buwas,che
buwas_che (66).wav,buwas,che
buwas_che (67).wav,buwas,che
buwas_che (68).wav,buwas,che
buwas_che (69).wav,buwas,che
buwas_che (7).wav,buwas,che
buwas_che (70).wav,buwas,che
buwas_che (71).wav,buwas,che
buwas_che (72).wav,buwas,che
buwas_che (73).wav,buwas,che
buwas_che (74).wav,buwas,che
buwas_che (75).wav,buwas,che
buwas_che (76).wav,buwas,che
buwas_che (77).wav,buwas,che
buwas_che (78).wav,buwas,che
buwas_che (79).wav,buwas,che
buwas_che (8).wav,buwas,che
buwas_che (80).wav,buwas,che
buwas_che (81).wav,buwas,che
buwas_che (82).wav,buwas,che
buwas_che (83).wav,buwas,che
buwas_che (84).wav,buwas,che
buwas_che (85).wav,buwas,che
buwas_che (86).wav,buwas,che
buwas_che (87).wav,buwas,che
buwas_che (88).wav,buwas,che
buwas_che (89).wav,buwas,che
buwas_che (9).wav,buwas,che
buwas_che (90).wav,buwas,che
buwas_che (91).wav,buwas,che
buwas_che (92).wav,buwas,che
buwas_che (93).wav,buwas,che
buwas_che (94).wav,buwas,che
buwas_che (95).wav,buwas,che
buwas_che (96).wav,buwas,che
buwas_che (97).wav,buwas,che
buwas_che (98).wav,buwas,che
buwas_che (99).wav,buwas,che
buwas_gab (1).wav,buwas,gab
buwas_gab (10).wav,buwas,gab
buwas_gab (100).wav,buwas,gab
buwas_gab (11).wav,buwas,gab
buwas_gab (12).wav,buwas,gab
buwas_gab (13).wav,buwas,gab
buwas_gab (14).wav,buwas,gab
buwas_gab (15).wav,buwas,gab
buwas_gab (16).wav,buwas,gab
buwas_gab (17).wav,buwas,gab
buwas_gab (18).wav,buwas,gab
buwas_gab (19).wav,buwas,gab
buwas_gab (2).wav,buwas,gab
buwas_gab (20).wav,buwas,gab
buwas_gab (21).wav,buwas,gab
buwas_gab (22).wav,buwas,gab
buwas_gab (23).wav,buwas,gab
buwas_gab (24).wav,buwas,gab
buwas_gab (25).wav,buwas,gab
buwas_gab (26).wav,buwas,gab
buwas_gab (27).wav,buwas,gab
buwas_gab (28).wav,buwas,gab
buwas_gab (29).wav,buwas,gab
buwas_gab (3).wav,buwas,gab
buwas_gab (30).wav,buwas,gab
buwas_gab (31).wav,buwas,gab
buwas_gab (32).wav,buwas,gab
buwas_gab (33).wav,buwas,gab
buwas_gab (34).wav,buwas,gab
buwas_gab (35).wav,buwas,gab
buwas_gab (36).wav,buwas,gab
buwas_gab (37).wav,buwas,gab
buwas_gab (38).wav,buwas,gab
buwas_gab (39).wav,buwas,gab
buwas_gab (4).wav,buwas,gab
buwas_gab (40).wav,buwas,gab
buwas_gab (41).wav,buwas,gab
buwas_gab (42).wav,buwas,gab
buwas_gab (43).wav,buwas,gab
buwas_gab (44).wav,buwas,gab
buwas_gab (45).wav,buwas,gab
buwas_gab (46).wav,buwas,gab
buwas_gab (47).wav,buwas,gab
buwas_gab (48).wav,buwas,gab
buwas_gab (49).wav,buwas,gab
buwas_gab (5).wav,buwas,gab
buwas_gab (50).wav,buwas,gab
buwas_gab (51).wav,buwas,gab
buwas_gab (52).wav,buwas,gab
buwas_gab (53).wav,buwas,gab
buwas_gab (54).wav,buwas,gab
buwas_gab (55).wav,buwas,gab
buwas_gab (56).wav,buwas,gab
buwas_gab (57).wav,buwas,gab
buwas_gab (58).wav,buwas,gab
buwas_gab (59).wav,buwas,gab
buwas_gab (6).wav,buwas,gab
buwas_gab (60).wav,buwas,gab
buwas_gab (61).wav,buwas,gab
buwas_gab (62).wav,buwas,gab
buwas_gab (63).wav,buwas,gab
buwas_gab (64).wav,buwas,gab
buwas_gab (65).wav,buwas,gab
buwas_gab (66).wav,buwas,gab
buwas_gab (67).wav,buwas,gab
buwas_gab (68).wav,buwas,gab
buwas_gab (69).wav,buwas,gab
buwas_gab (7).wav,buwas,gab
buwas_gab (70).wav,buwas,gab
buwas_gab (71).wav,buwas,gab
buwas_gab (72).wav,buwas,gab
buwas_gab (73).wav,buwas,gab
buwas_gab (74).wav,buwas,gab
buwas_gab (75).wav,buwas,gab
buwas_gab (76).wav,buwas,gab
buwas_gab (77).wav,buwas,gab
buwas_gab (78).wav,buwas,gab
buwas_gab (79).wav,buwas,gab
buwas_gab (8).wav,buwas,gab
buwas_gab (80).wav,buwas,gab
buwas_gab (81).wav,buwas,gab
buwas_gab (82).wav,buwas,gab
buwas_gab (83).wav,buwas,gab
buwas_gab (84).wav,buwas,gab
buwas_gab (85).wav,buwas,gab
buwas_gab (86).wav,buwas,gab
buwas_gab (87).wav,buwas,gab
buwas_gab (88).wav,buwas,gab
buwas_gab (89).wav,buwas,gab
buwas_gab (9).wav,buwas,gab
buwas_gab (90).wav,buwas,gab
buwas_gab (91).wav,buwas,gab
buwas_gab (92).wav,buwas,gab
buwas_gab (93).wav,buwas,gab
buwas_gab (94).wav,buwas,gab
buwas_gab (95).wav,buwas,gab
buwas_gab (96).wav,buwas,gab
buwas_gab (97).wav,buwas,gab
buwas_gab (98).wav,buwas,gab
buwas_gab (99).wav,buwas,gab
buwas_nicole (1).wav,buwas,nicole
buwas_nicole (10).wav,buwas,nicole
buwas_nicole (11).wav,buwas,nicole
buwas_nicole (12).wav,buwas,nicole
buwas_nicole (13).wav,buwas,nicole
buwas_nicole (14).wav,buwas,nicole
buwas_nicole (15).wav,buwas,nicole
buwas_nicole (16).wav,buwas,nicole
buwas_nicole (17).wav,buwas,nicole
buwas_nicole (18).wav,buwas,nicole
buwas_nicole (19).wav,buwas,nicole
buwas_nicole (2).wav,buwas,nicole
buwas_nicole (20).wav,buwas,nicole
buwas_nicole (21).wav,buwas,nicole
buwas_nicole (22).wav,buwas,nicole
buwas_nicole (23).wav,buwas,nicole
buwas_nicole (24).wav,buwas,nicole
buwas_nicole (25).wav,buwas,nicole
buwas_nicole (26).wav,buwas,nicole
buwas_nicole (27).wav,buwas,nicole
buwas_nicole (28).wav,buwas,nicole
buwas_nicole (29).wav,buwas,nicole
buwas_nicole (3).wav,buwas,nicole
buwas_nicole (30).wav,buwas,nicole
buwas_nicole (31).wav,buwas,nicole
buwas_nicole (32).wav,buwas,nicole
buwas_nicole (33).wav,buwas,nicole
buwas_nicole (34).wav,buwas,nicole
buwas_nicole (35).wav,buwas,nicole
buwas_nicole (36).wav,buwas,nicole
buwas_nicole (37).wav,buwas,nicole
buwas_nicole (38).wav,buwas,nicole
buwas_nicole (39).wav,buwas,nicole
buwas_nicole (4).wav,buwas,nicole
buwas_nicole (40).wav,buwas,nicole
buwas_nicole (41).wav,buwas,nicole
buwas_nicole (42).wav,buwas,nicole
buwas_nicole (43).wav,buwas,nicole
buwas_nicole (44).wav,buwas,nicole
buwas_nicole (45).wav,buwas,nicole
buwas_nicole (46).wav,buwas,nicole
buwas_nicole (47).wav,buwas,nicole
buwas_nicole (48).wav,buwas,nicole
buwas_nicole (49).wav,buwas,nicole
buwas_nicole (5).wav,buwas,nicole
buwas_nicole (50).wav,buwas,nicole
buwas_nicole (51).wav,buwas,nicole
buwas_nicole (52).wav,buwas,nicole
buwas_nicole (53).wav,buwas,nicole
buwas_nicole (54).wav,buwas,nicole
buwas_nicole (55).wav,buwas,nicole
buwas_nicole (56).wav,buwas,nicole
buwas_nicole (57).wav,buwas,nicole
buwas_nicole (58).wav,buwas,nicole
buwas_nicole (59).wav,buwas,nicole
buwas_nicole (6).wav,buwas,nicole
buwas_nicole (60).wav,buwas,nicole
buwas_nicole (61).wav,buwas,nicole
buwas_nicole (62).wav,buwas,nicole
buwas_nicole (63).wav,buwas,nicole
buwas_nicole (64).wav,buwas,nicole
buwas_nicole (65).wav,buwas,nicole
buwas_nicole (66).wav,buwas,nicole
buwas_nicole (67).wav,buwas,nicole
buwas_nicole (68).wav,buwas,nicole
buwas_nicole (69).wav,buwas,nicole
buwas_nicole (7).wav,buwas,nicole
buwas_nicole (70).wav,buwas,nicole
buwas_nicole (71).wav,buwas,nicole
buwas_nicole (72).wav,buwas,nicole
buwas_nicole (73).wav,buwas,nicole
buwas_nicole (74).wav,buwas,nicole
buwas_nicole (75).wav,buwas,nicole
buwas_nicole (76).wav,buwas,nicole
buwas_nicole (77).wav,buwas,nicole
buwas_nicole (78).wav,buwas,nicole
buwas_nicole (79).wav,buwas,nicole
buwas_nicole (8).wav,buwas,nicole
buwas_nicole (80).wav,buwas,nicole
buwas_nicole (81).wav,buwas,nicole
buwas_nicole (82).wav,buwas,nicole
buwas_nicole (83).wav,buwas,nicole
buwas_nicole (84).wav,buwas,nicole
buwas_nicole (85).wav,buwas,nicole
buwas_nicole (9).wav,buwas,nicole
buwas_sam (1).wav,buwas,sam
buwas_sam (10).wav,buwas,sam
buwas_sam (11).wav,buwas,sam
buwas_sam (12).wav,buwas,sam
buwas_sam (13).wav,buwas,sam
buwas_sam (14).wav,buwas,sam
buwas_sam (15).wav,buwas,sam
buwas_sam (16).wav,buwas,sam
buwas_sam (17).wav,buwas,sam
buwas_sam (18).wav,buwas,sam
buwas_sam (19).wav,buwas,sam
buwas_sam (2).wav,buwas,sam
buwas_sam (20).wav,buwas,sam
buwas_sam (3).wav,buwas,sam
buwas_sam (4).wav,buwas,sam
buwas_sam (5).wav,buwas,sam
buwas_sam (6).wav,buwas,sam
buwas_sam (7).wav,buwas,sam
buwas_sam (8).wav,buwas,sam
buwas_sam (9).wav,buwas,sam
gabi_che (10).wav,gabi,che
gabi_che (11).wav,gabi,che
gabi_che (12).wav,gabi,che
gabi_che (13).wav,gabi,che
gabi_che (14).wav,gabi,che
gabi_che (141).wav,gabi,che
gabi_che (142).wav,gabi,che
gabi_che (143).wav,gabi,che
gabi_che (144).wav,gabi,che
gabi_che (145).wav,gabi,che
gabi_che (146).wav,gabi,che
gabi_che (147).wav,gabi,che
gabi_che (148).wav,gabi,che
gabi_che (149).wav,gabi,che
gabi_che (15).wav,gabi,che
gabi_che (150).wav,gabi,che
gabi_che (151).wav,gabi,che
gabi_che (152).wav,gabi,che
gabi_che (153).wav,gabi,che
gabi_che (154).wav,gabi,che
gabi_che (155).wav,gabi,che
gabi_che (156).wav,gabi,che
gabi_che (157).wav,gabi,che
gabi_che (158).wav,gabi,che
gabi_che (159).wav,gabi,che
gabi_che (16).wav,gabi,che
gabi_che (160).wav,gabi,che
gabi_che (161).wav,gabi,che
gabi_che (17).wav,gabi,che
gabi_che (18).wav,gabi,che
gabi_che (19).wav,gabi,che
gabi_che (2).wav,gabi,che
gabi_che (20).wav,gabi,che
gabi_che (21).wav,gabi,che
gabi_che (22).wav,gabi,che
gabi_che (23).wav,gabi,che
gabi_che (24).wav,gabi,che
gabi_che (25).wav,gabi,che
gabi_che (26).wav,gabi,che
gabi_che (27).wav,gabi,che
gabi_che (28).wav,gabi,che
gabi_che (29).wav,gabi,che
gabi_che (3).wav,gabi,che
gabi_che (30).wav,gabi,che
gabi_che (31).wav,gabi,che
gabi_che (32).wav,gabi,che
gabi_che (33).wav,gabi,che
gabi_che (34).wav,gabi,che
gabi_che (35).wav,gabi,che
gabi_che (36).wav,gabi,che
gabi_che (37).wav,gabi,che
gabi_che (38).wav,gabi,che
gabi_che (39).wav,gabi,che
gabi_che (4).wav,gabi,che
gabi_che (40).wav,gabi,che
gabi_che (41).wav,gabi,che
gabi_che (42).wav,gabi,che
gabi_che (43).wav,gabi,che
gabi_che (44).wav,gabi,che
gabi_che (45).wav,gabi,che
gabi_che (46).wav,gabi,che
gabi_che (47).wav,gabi,che
gabi_che (48).wav,gabi,che
gabi_che (49).wav,gabi,che
gabi_che (5).wav,gabi,che
gabi_che (50).wav,gabi,che
gabi_che (51).wav,gabi,che
gabi_che (52).wav,gabi,che
gabi_che (53).wav,gabi,che
gabi_che (54).wav,gabi,che
gabi_che (55).wav,gabi,che
gabi_che (56).wav,gabi,che
gabi_che (57).wav,gabi,che
gabi_che (58).wav,gabi,che
gabi_che (59).wav,gabi,che
gabi_che (6).wav,gabi,che
gabi_che (60).wav,gabi,che
gabi_che (61).wav,gabi,che
gabi_che (62).wav,gabi,che
gabi_che (63).wav,gabi,che
gabi_che (64).wav,gabi,che
gabi_che (65).wav,gabi,che
gabi_che (66).wav,gabi,che
gabi_che (67).wav,gabi,che
gabi_che (68).wav,gabi,che
gabi_che (69).wav,gabi,che
gabi_che (7).wav,gabi,che
gabi_che (70).wav,gabi,che
gabi_che (71).wav,gabi,che
gabi_che (72).wav,gabi,che
gabi_che (73).wav,gabi,che
gabi_che (74).wav,gabi,che
gabi_che (75).wav,gabi,che
gabi_che (76).wav,gabi,che
gabi_che (77).wav,gabi,che
gabi_che (78).wav,gabi,che
gabi_che (79).wav,gabi,che
gabi_che (8).wav,gabi,che
gabi_che (80).wav,gabi,che
gabi_che (9).wav,gabi,che
gab-i_gab (1).wav,gabi,gab
gab-i_gab (10).wav,gabi,gab
gab-i_gab (100).wav,gabi,gab
gab-i_gab (11).wav,gabi,gab
gab-i_gab (12).wav,gabi,gab
gab-i_gab (13).wav,gabi,gab
gab-i_gab (14).wav,gabi,gab
gab-i_gab (15).wav,gabi,gab
gab-i_gab (16).wav,gabi,gab
gab-i_gab (17).wav,gabi,gab
gab-i_gab (18).wav,gabi,gab
gab-i_gab (19).wav,gabi,gab
gab-i_gab (2).wav,gabi,gab
gab-i_gab (20).wav,gabi,gab
gab-i_gab (21).wav,gabi,gab
gab-i_gab (22).wav,gabi,gab
gab-i_gab (23).wav,gabi,gab
gab-i_gab (24).wav,gabi,gab
gab-i_gab (25).wav,gabi,gab
gab-i_gab (26).wav,gabi,gab
gab-i_gab (27).wav,gabi,gab
gab-i_gab (28).wav,gabi,gab
gab-i_gab (29).wav,gabi,gab
gab-i_gab (3).wav,gabi,gab
gab-i_gab (30).wav,gabi,gab
gab-i_gab (31).wav,gabi,gab
gab-i_gab (32).wav,gabi,gab
gab-i_gab (33).wav,gabi,gab
gab-i_gab (34).wav,gabi,gab
gab-i_gab (35).wav,gabi,gab
gab-i_gab (36).wav,gabi,gab
gab-i_gab (37).wav,gabi,gab
gab-i_gab (38).wav,gabi,gab
gab-i_gab (39).wav,gabi,gab
gab-i_gab (4).wav,gabi,gab
gab-i_gab (40).wav,gabi,gab
gab-i_gab (41).wav,gabi,gab
gab-i_gab (42).wav,gabi,gab
gab-i_gab (43).wav,gabi,gab
gab-i_gab (44).wav,gabi,gab
gab-i_gab (45).wav,gabi,gab
gab-i_gab (46).wav,gabi,gab
gab-i_gab (47).wav,gabi,gab
gab-i_gab (48).wav,gabi,gab
gab-i_gab (49).wav,gabi,gab
gab-i_gab (5).wav,gabi,gab
gab-i_gab (50).wav,gabi,gab
gab-i_gab (51).wav,gabi,gab
gab-i_gab (52).wav,gabi,gab
gab-i_gab (53).wav,gabi,gab
gab-i_gab (54).wav,gabi,gab
gab-i_gab (55).wav,gabi,gab
gab-i_gab (56).wav,gabi,gab
gab-i_gab (57).wav,gabi,gab
gab-i_gab (58).wav,gabi,gab
gab-i_gab (59).wav,gabi,gab
gab-i_gab (6).wav,gabi,gab
gab-i_gab (60).wav,gabi,gab
gab-i_gab (61).wav,gabi,gab
gab-i_gab (62).wav,gabi,gab
gab-i_gab (63).wav,gabi,gab
gab-i_gab (64).wav,gabi,gab
gab-i_gab (65).wav,gabi,gab
gab-i_gab (66).wav,gabi,gab
gab-i_gab (67).wav,gabi,gab
gab-i_gab (68).wav,gabi,gab
gab-i_gab (69).wav,gabi,gab
gab-i_gab (7).wav,gabi,gab
gab-i_gab (70).wav,gabi,gab
gab-i_gab (71).wav,gabi,gab
gab-i_gab (72).wav,gabi,gab
gab-i_gab (73).wav,gabi,gab
gab-i_gab (74).wav,gabi,gab
gab-i_gab (75).wav,gabi,gab
gab-i_gab (76).wav,gabi,gab
gab-i_gab (77).wav,gabi,gab
gab-i_gab (78).wav,gabi,gab
gab-i_gab (79).wav,gabi,gab
gab-i_gab (8).wav,gabi,gab
gab-i_gab (80).wav,gabi,gab
gab-i_gab (81).wav,gabi,gab
gab-i_gab (82).wav,gabi,gab
gab-i_gab (83).wav,gabi,gab
gab-i_gab (84).wav,gabi,gab
gab-i_gab (85).wav,gabi,gab
gab-i_gab (86).wav,gabi,gab
gab-i_gab (87).wav,gabi,gab
gab-i_gab (88).wav,gabi,gab
gab-i_gab (89).wav,gabi,gab
gab-i_gab (9).wav,gabi,gab
gab-i_gab (90).wav,gabi,gab
gab-i_gab (91).wav,gabi,gab
gab-i_gab (92).wav,gabi,gab
gab-i_gab (93).wav,gabi,gab
gab-i_gab (94).wav,gabi,gab
gab-i_gab (95).wav,gabi,gab
gab-i_gab (96).wav,gabi,gab
gab-i_gab (97).wav,gabi,gab
gab-i_gab (98).wav,gabi,gab
gab-i_gab (99).wav,gabi,gab
gabi_nicole (1).wav,gabi,nicole
gabi_nicole (10).wav,gabi,nicole
gabi_nicole (100).wav,gabi,nicole
gabi_nicole (11).wav,gabi,nicole
gabi_nicole (12).wav,gabi,nicole
gabi_nicole (13).wav,gabi,nicole
gabi_nicole (14).wav,gabi,nicole
gabi_nicole (15).wav,gabi,nicole
gabi_nicole (16).wav,gabi,nicole
gabi_nicole (17).wav,gabi,nicole
gabi_nicole (18).wav,gabi,nicole
gabi_nicole (19).wav,gabi,nicole
gabi_nicole (2).wav,gabi,nicole
gabi_nicole (20).wav,gabi,nicole
gabi_nicole (21).wav,gabi,nicole
gabi_nicole (22).wav,gabi,nicole
gabi_nicole (23).wav,gabi,nicole
gabi_nicole (24).wav,gabi,nicole
gabi_nicole (25).wav,gabi,nicole
gabi_nicole (26).wav,gabi,nicole
gabi_nicole (27).wav,gabi,nicole
gabi_nicole (28).wav,gabi,nicole
gabi_nicole (29).wav,gabi,nicole
gabi_nicole (3).wav,gabi,nicole
gabi_nicole (30).wav,gabi,nicole
gabi_nicole (31).wav,gabi,nicole
gabi_nicole (32).wav,gabi,nicole
gabi_nicole (33).wav,gabi,nicole
gabi_nicole (34).wav,gabi,nicole
gabi_nicole (35).wav,gabi,nicole
gabi_nicole (36).wav,gabi,nicole
gabi_nicole (37).wav,gabi,nicole
gabi_nicole (38).wav,gabi,nicole
gabi_nicole (39).wav,gabi,nicole
gabi_nicole (4).wav,gabi,nicole
gabi_nicole (40).wav,gabi,nicole
gabi_nicole (41).wav,gabi,nicole
gabi_nicole (42).wav,gabi,nicole
gabi_nicole (43).wav,gabi,nicole
gabi_nicole (44).wav,gabi,nicole
gabi_nicole (45).wav,gabi,nicole
gabi_nicole (46).wav,gabi,nicole
gabi_nicole (47).wav,gabi,nicole
gabi_nicole (48).wav,gabi,nicole
gabi_nicole (49).wav,gabi,nicole
gabi_nicole (5).wav,gabi,nicole
gabi_nicole (50).wav,gabi,nicole
gabi_nicole (51).wav,gabi,nicole
gabi_nicole (52).wav,gabi,nicole
gabi_nicole (53).wav,gabi,nicole
gabi_nicole (54).wav,gabi,nicole
gabi_nicole (55).wav,gabi,nicole
gabi_nicole (56).wav,gabi,nicole
gabi_nicole (57).wav,gabi,nicole
gabi_nicole (58).wav,gabi,nicole
gabi_nicole (59).wav,gabi,nicole
gabi_nicole (6).wav,gabi,nicole
gabi_nicole (60).wav,gabi,nicole
gabi_nicole (61).wav,gabi,nicole
gabi_nicole (62).wav,gabi,nicole
gabi_nicole (63).wav,gabi,nicole
gabi_nicole (64).wav,gabi,nicole
gabi_nicole (65).wav,gabi,nicole
gabi_nicole (66).wav,gabi,nicole
gabi_nicole (67).wav,gabi,nicole
gabi_nicole (68).wav,gabi,nicole
gabi_nicole (69).wav,gabi,nicole
gabi_nicole (7).wav,gabi,nicole
gabi_nicole (70).wav,gabi,nicole
gabi_nicole (71).wav,gabi,nicole
gabi_nicole (72).wav,gabi,nicole
gabi_nicole (73).wav,gabi,nicole
gabi_nicole (74).wav,gabi,nicole
gabi_nicole (75).wav,gabi,nicole
gabi_nicole (76).wav,gabi,nicole
gabi_nicole (77).wav,gabi,nicole
gabi_nicole (78).wav,gabi,nicole
gabi_nicole (79).wav,gabi,nicole
gabi_nicole (8).wav,gabi,nicole
gabi_nicole (80).wav,gabi,nicole
gabi_nicole (81).wav,gabi,nicole
gabi_nicole (82).wav,gabi,nicole
gabi_nicole (83).wav,gabi,nicole
gabi_nicole (84).wav,gabi,nicole
gabi_nicole (85).wav,gabi,nicole
gabi_nicole (86).wav,gabi,nicole
gabi_nicole (87).wav,gabi,nicole
gabi_nicole (88).wav,gabi,nicole
gabi_nicole (89).wav,gabi,nicole
gabi_nicole (9).wav,gabi,nicole
gabi_nicole (90).wav,gabi,nicole
gabi_nicole (91).wav,gabi,nicole
gabi_nicole (92).wav,gabi,nicole
gabi_nicole (93).wav,gabi,nicole
gabi_nicole (94).wav,gabi,nicole
gabi_nicole (95).wav,gabi,nicole
gabi_nicole (96).wav,gabi,nicole
gabi_nicole (97).wav,gabi,nicole
gabi_nicole (98).wav,gabi,nicole
gabi_nicole (99).wav,gabi,nicole
gabi_sam (1).wav,gabi,sam
gabi_sam (10).wav,gabi,sam
gabi_sam (11).wav,gabi,sam
gabi_sam (12).wav,gabi,sam
gabi_sam (13).wav,gabi,sam
gabi_sam (14).wav,gabi,sam
gabi_sam (15).wav,gabi,sam
gabi_sam (16).wav,gabi,sam
gabi_sam (17).wav,gabi,sam
gabi_sam (18).wav,gabi,sam
gabi_sam (19).wav,gabi,sam
gabi_sam (2).wav,gabi,sam
gabi_sam (20).wav,gabi,sam
gabi_sam (3).wav,gabi,sam
gabi_sam (4).wav,gabi,sam
gabi_sam (5).wav,gabi,sam
gabi_sam (6).wav,gabi,sam
gabi_sam (7).wav,gabi,sam
gabi_sam (8).wav,gabi,sam
gabi_sam (9).wav,gabi,sam
hain_che (1).wav,hain,che
hain_che (10).wav,hain,che
hain_che (100).wav,hain,che
hain_che (101).wav,hain,che
hain_che (102).wav,hain,che
hain_che (11).wav,hain,che
hain_che (12).wav,hain,che
hain_che (13).wav,hain,che
hain_che (14).wav,hain,che
hain_che (15).wav,hain,che
hain_che (16).wav,hain,che
hain_che (17).wav,hain,che
hain_che (18).wav,hain,che
hain_che (19).wav,hain,che
hain_che (2).wav,hain,che
hain_che (20).wav,hain,che
hain_che (21).wav,hain,che
hain_che (22).wav,hain,che
hain_che (23).wav,hain,che
hain_che (24).wav,hain,che
hain_che (25).wav,hain,che
hain_che (26).wav,hain,che
hain_che (27).wav,hain,che
hain_che (28).wav,hain,che
hain_che (29).wav,hain,che
hain_che (3).wav,hain,che
hain_che (30).wav,hain,che
hain_che (31).wav,hain,che
hain_che (32).wav,hain,che
hain_che (33).wav,hain,che
hain_che (34).wav,hain,che
hain_che (35).wav,hain,che
hain_che (36).wav,hain,che
hain_che (37).wav,hain,che
hain_che (38).wav,hain,che
hain_che (39).wav,hain,che
hain_che (4).wav,hain,che
hain_che (40).wav,hain,che
hain_che (41).wav,hain,che
hain_che (42).wav,hain,che
hain_che (43).wav,hain,che
hain_che (44).wav,hain,che
hain_che (45).wav,hain,che
hain_che (46).wav,hain,che
hain_che (47).wav,hain,che
hain_che (48).wav,hain,che
hain_che (49).wav,hain,che
hain_che (5).wav,hain,che
hain_che (50).wav,hain,che
hain_che (51).wav,hain,che
hain_che (52).wav,hain,che
hain_che (53).wav,hain,che
hain_che (54).wav,hain,che
hain_che (55).wav,hain,che
hain_che (56).wav,hain,che
hain_che (57).wav,hain,che
hain_che (58).wav,hain,che
hain_che (59).wav,hain,che
hain_che (6).wav,hain,che
hain_che (60).wav,hain,che
hain_che (61).wav,hain,che
hain_che (62).wav,hain,che
hain_che (63).wav,hain,che
hain_che (64).wav,hain,che
hain_che (65).wav,hain,che
hain_che (66).wav,hain,che
hain_che (67).wav,hain,che
hain_che (68).wav,hain,che
hain_che (69).wav,hain,che
hain_che (7).wav,hain,che
hain_che (70).wav,hain,che
hain_che (71).wav,hain,che
hain_che (72).wav,hain,che
hain_che (73).wav,hain,che
hain_che (74).wav,hain,che
hain_che (75).wav,hain,che
hain_che (76).wav,hain,che
hain_che (77).wav,hain,che
hain_che (78).wav,hain,che
hain_che (79).wav,hain,che
hain_che (8).wav,hain,che
hain_che (80).wav,hain,che
hain_che (81).wav,hain,che
hain_che (82).wav,hain,che
hain_che (83).wav,hain,che
hain_che (84).wav,hain,che
hain_che (85).wav,hain,che
hain_che (86).wav,hain,che
hain_che (87).wav,hain,che
hain_che (88).wav,hain,che
hain_che (89).wav,hain,che
hain_che (9).wav,hain,che
hain_che (90).wav,hain,che
hain_che (91).wav,hain,che
hain_che (92).wav,hain,che
hain_che (93).wav,hain,che
hain_che (94).wav,hain,che
hain_che (95).wav,hain,che
hain_che (96).wav,hain,che
hain_che (97).wav,hain,che
hain_che (98).wav,hain,che
hain_che (99).wav,hain,che
hain_gab (1).wav,hain,gab
hain_gab (10).wav,hain,gab
hain_gab (100).wav,hain,gab
hain_gab (11).wav,hain,gab
hain_gab (12).wav,hain,gab
hain_gab (13).wav,hain,gab
hain_gab (14).wav,hain,gab
hain_gab (15).wav,hain,gab
hain_gab (16).wav,hain,gab
hain_gab (17).wav,hain,gab
hain_gab (18).wav,hain,gab
hain_gab (19).wav,hain,gab
hain_gab (2).wav,hain,gab
hain_gab (20).wav,hain,gab
hain_gab (21).wav,hain,gab
hain_gab (22).wav,hain,gab
hain_gab (23).wav,hain,gab
hain_gab (24).wav,hain,gab
hain_gab (25).wav,hain,gab
hain_gab (26).wav,hain,gab
hain_gab (27).wav,hain,gab
hain_gab (28).wav,hain,gab
hain_gab (29).wav,hain,gab
hain_gab (3).wav,hain,gab
hain_gab (30).wav,hain,gab
hain_gab (31).wav,hain,gab
hain_gab (32).wav,hain,gab
hain_gab (33).wav,hain,gab
hain_gab (34).wav,hain,gab
hain_gab (35).wav,hain,gab
hain_gab (36).wav,hain,gab
hain_gab (37).wav,hain,gab
hain_gab (38).wav,hain,gab
hain_gab (39).wav,hain,gab
hain_gab (4).wav,hain,gab
hain_gab (40).wav,hain,gab
hain_gab (41).wav,hain,gab
hain_gab (42).wav,hain,gab
hain_gab (43).wav,hain,gab
hain_gab (44).wav,hain,gab
hain_gab (45).wav,hain,gab
hain_gab (46).wav,hain,gab
hain_gab (47).wav,hain,gab
hain_gab (48).wav,hain,gab
hain_gab (49).wav,hain,gab
hain_gab (5).wav,hain,gab
hain_gab (50).wav,hain,gab
hain_gab (51).wav,hain,gab
hain_gab (52).wav,hain,gab
hain_gab (53).wav,hain,gab
hain_gab (54).wav,hain,gab
hain_gab (55).wav,hain,gab
hain_gab (56).wav,hain,gab
hain_gab (57).wav,hain,gab
hain_gab (58).wav,hain,gab
hain_gab (59).wav,hain,gab
hain_gab (6).wav,hain,gab
hain_gab (60).wav,hain,gab
hain_gab (61).wav,hain,gab
hain_gab (62).wav,hain,gab
hain_gab (63).wav,hain,gab
hain_gab (64).wav,hain,gab
hain_gab (65).wav,hain,gab
hain_gab (66).wav,hain,gab
hain_gab (67).wav,hain,gab
hain_gab (68).wav,hain,gab
hain_gab (69).wav,hain,gab
hain_gab (7).wav,hain,gab
hain_gab (70).wav,hain,gab
hain_gab (71).wav,hain,gab
hain_gab (72).wav,hain,gab
hain_gab (73).wav,hain,gab
hain_gab (74).wav,hain,gab
hain_gab (75).wav,hain,gab
hain_gab (76).wav,hain,gab
hain_gab (77).wav,hain,gab
hain_gab (78).wav,hain,gab
hain_gab (79).wav,hain,gab
hain_gab (8).wav,hain,gab
hain_gab (80).wav,hain,gab
hain_gab (81).wav,hain,gab
hain_gab (82).wav,hain,gab
hain_gab (83).wav,hain,gab
hain_gab (84).wav,hain,gab
hain_gab (85).wav,hain,gab
hain_gab (86).wav,hain,gab
hain_gab (87).wav,hain,gab
hain_gab (88).wav,hain,gab
hain_gab (89).wav,hain,gab
hain_gab (9).wav,hain,gab
hain_gab (90).wav,hain,gab
hain_gab (91).wav,hain,gab
hain_gab (92).wav,hain,gab
hain_gab (93).wav,hain,gab
hain_gab (94).wav,hain,gab
hain_gab (95).wav,hain,gab
hain_gab (96).wav,hain,gab
hain_gab (97).wav,hain,gab
hain_gab (98).wav,hain,gab
hain_gab (99).wav,hain,gab
hain_nicole (1).wav,hain,nicole
hain_nicole (10).wav,hain,nicole
hain_nicole (100).wav,hain,nicole
hain_nicole (101).wav,hain,nicole
hain_nicole (102).wav,hain,nicole
hain_nicole (11).wav,hain,nicole
hain_nicole (12).wav,hain,nicole
hain_nicole (13).wav,hain,nicole
hain_nicole (14).wav,hain,nicole
hain_nicole (15).wav,hain,nicole
hain_nicole (16).wav,hain,nicole
hain_nicole (17).wav,hain,nicole
hain_nicole (18).wav,hain,nicole
hain_nicole (19).wav,hain,nicole
hain_nicole (2).wav,hain,nicole
hain_nicole (20).wav,hain,nicole
hain_nicole (21).wav,hain,nicole
hain_nicole (22).wav,hain,nicole
hain_nicole (23).wav,hain,nicole
hain_nicole (24).wav,hain,nicole
hain_nicole (25).wav,hain,nicole
hain_nicole (26).wav,hain,nicole
hain_nicole (27).wav,hain,nicole
hain_nicole (28).wav,hain,nicole
hain_nicole (29).wav,hain,nicole
hain_nicole (3).wav,hain,nicole
hain_nicole (30).wav,hain,nicole
hain_nicole (31).wav,hain,nicole
hain_nicole (32).wav,hain,nicole
hain_nicole (33).wav,hain,nicole
hain_nicole (34).wav,hain,nicole
hain_nicole (35).wav,hain,nicole
hain_nicole (36).wav,hain,nicole
hain_nicole (37).wav,hain,nicole
hain_nicole (38).wav,hain,nicole
hain_nicole (39).wav,hain,nicole
hain_nicole (4).wav,hain,nicole
hain_nicole (40).wav,hain,nicole
hain_nicole (41).wav,hain,nicole
hain_nicole (42).wav,hain,nicole
hain_nicole (43).wav,hain,nicole
hain_nicole (44).wav,hain,nicole
hain_nicole (45).wav,hain,nicole
hain_nicole (46).wav,hain,nicole
hain_nicole (47).wav,hain,nicole
hain_nicole (48).wav,hain,nicole
hain_nicole (49).wav,hain,nicole
hain_nicole (5).wav,hain,nicole
hain_nicole (50).wav,hain,nicole
hain_nicole (51).wav,hain,nicole
hain_nicole (52).wav,hain,nicole
hain_nicole (53).wav,hain,nicole
hain_nicole (54).wav,hain,nicole
hain_nicole (55).wav,hain,nicole
hain_nicole (56).wav,hain,nicole
hain_nicole (57).wav,hain,nicole
hain_nicole (58).wav,hain,nicole
hain_nicole (59).wav,hain,nicole
hain_nicole (6).wav,hain,nicole
hain_nicole (60).wav,hain,nicole
hain_nicole (61).wav,hain,nicole
hain_nicole (62).wav,hain,nicole
hain_nicole (63).wav,hain,nicole
hain_nicole (64).wav,hain,nicole
hain_nicole (65).wav,hain,nicole
hain_nicole (66).wav,hain,nicole
hain_nicole (67).wav,hain,nicole
hain_nicole (68).wav,hain,nicole
hain_nicole (69).wav,hain,nicole
hain_nicole (7).wav,hain,nicole
hain_nicole (70).wav,hain,nicole
hain_nicole (71).wav,hain,nicole
hain_nicole (72).wav,hain,nicole
hain_nicole (73).wav,hain,nicole
hain_nicole (74).wav,hain,nicole
hain_nicole (75).wav,hain,nicole
hain_nicole (76).wav,hain,nicole
hain_nicole (77).wav,hain,nicole
hain_nicole (78).wav,hain,nicole
hain_nicole (79).wav,hain,nicole
hain_nicole (8).wav,hain,nicole
hain_nicole (80).wav,hain,nicole
hain_nicole (81).wav,hain,nicole
hain_nicole (82).wav,hain,nicole
hain_nicole (83).wav,hain,nicole
hain_nicole (84).wav,hain,nicole
hain_nicole (85).wav,hain,nicole
hain_nicole (86).wav,hain,nicole
hain_nicole (87).wav,hain,nicole
hain_nicole (88).wav,hain,nicole
hain_nicole (89).wav,hain,nicole
hain_nicole (9).wav,hain,nicole
hain_nicole (90).wav,hain,nicole
hain_nicole (91).wav,hain,nicole
hain_nicole (92).wav,hain,nicole
hain_nicole (93).wav,hain,nicole
hain_nicole (94).wav,hain,nicole
hain_nicole (95).wav,hain,nicole
hain_nicole (96).wav,hain,nicole
hain_nicole (97).wav,hain,nicole
hain_nicole (98).wav,hain,nicole
hain_nicole (99).wav,hain,nicole
hain_sam (1).wav,hain,sam
hain_sam (10).wav,hain,sam
hain_sam (11).wav,hain,sam
hain_sam (12).wav,hain,sam
hain_sam (13).wav,hain,sam
hain_sam (14).wav,hain,sam
hain_sam (15).wav,hain,sam
hain_sam (16).wav,hain,sam
hain_sam (17).wav,hain,sam
hain_sam (18).wav,hain,sam
hain_sam (19).wav,hain,sam
hain_sam (2).wav,hain,sam
hain_sam (20).wav,hain,sam
hain_sam (3).wav,hain,sam
hain_sam (4).wav,hain,sam
hain_sam (5).wav,hain,sam
hain_sam (6).wav,hain,sam
hain_sam (7).wav,hain,sam
hain_sam (8).wav,hain,sam
hain_sam (9).wav,hain,sam
kaon_che (1).wav,kaon,che
kaon_che (10).wav,kaon,che
kaon_che (100).wav,kaon,che
kaon_che (11).wav,kaon,che
kaon_che (12).wav,kaon,che
kaon_che (13).wav,kaon,che
kaon_che (14).wav,kaon,che
kaon_che (15).wav,kaon,che
kaon_che (16).wav,kaon,che
kaon_che (17).wav,kaon,che
kaon_che (18).wav,kaon,che
kaon_che (19).wav,kaon,che
kaon_che (2).wav,kaon,che
kaon_che (20).wav,kaon,che
kaon_che (21).wav,kaon,che
kaon_che (22).wav,kaon,che
kaon_che (23).wav,kaon,che
kaon_che (24).wav,kaon,che
kaon_che (25).wav,kaon,che
kaon_che (26).wav,kaon,che
kaon_che (27).wav,kaon,che
kaon_che (28).wav,kaon,che
kaon_che (29).wav,kaon,che
kaon_che (3).wav,kaon,che
kaon_che (30).wav,kaon,che
kaon_che (31).wav,kaon,che
kaon_che (32).wav,kaon,che
kaon_che (33).wav,kaon,che
kaon_che (34).wav,kaon,che
kaon_che (35).wav,kaon,che
kaon_che (36).wav,kaon,che
kaon_che (37).wav,kaon,che
kaon_che (38).wav,kaon,che
kaon_che (39).wav,kaon,che
kaon_che (4).wav,kaon,che
kaon_che (40).wav,kaon,che
kaon_che (41).wav,kaon,che
kaon_che (42).wav,kaon,che
kaon_che (43).wav,kaon,che
kaon_che (44).wav,kaon,che
kaon_che (45).wav,kaon,che
kaon_che (46).wav,kaon,che
kaon_che (47).wav,kaon,che
kaon_che (48).wav,kaon,che
kaon_che (49).wav,kaon,che
kaon_che (5).wav,kaon,che
kaon_che (50).wav,kaon,che
kaon_che (51).wav,kaon,che
kaon_che (52).wav,kaon,che
kaon_che (53).wav,kaon,che
kaon_che (54).wav,kaon,che
kaon_che (55).wav,kaon,che
kaon_che (56).wav,kaon,che
kaon_che (57).wav,kaon,che
kaon_che (58).wav,kaon,che
kaon_che (59).wav,kaon,che
kaon_che (6).wav,kaon,che
kaon_che (60).wav,kaon,che
kaon_che (61).wav,kaon,che
kaon_che (62).wav,kaon,che
kaon_che (63).wav,kaon,che
kaon_che (64).wav,kaon,che
kaon_che (65).wav,kaon,che
kaon_che (66).wav,kaon,che
kaon_che (67).wav,kaon,che
kaon_che (68).wav,kaon,che
kaon_che (69).wav,kaon,che
kaon_che (7).wav,kaon,che
kaon_che (70).wav,kaon,che
kaon_che (71).wav,kaon,che
kaon_che (72).wav,kaon,che
kaon_che (73).wav,kaon,che
kaon_che (74).wav,kaon,che
kaon_che (75).wav,kaon,che
kaon_che (76).wav,kaon,che
kaon_che (77).wav,kaon,che
kaon_che (78).wav,kaon,che
kaon_che (79).wav,kaon,che
kaon_che (8).wav,kaon,che
kaon_che (80).wav,kaon,che
kaon_che (81).wav,kaon,che
kaon_che (82).wav,kaon,che
kaon_che (83).wav,kaon,che
kaon_che (84).wav,kaon,che
kaon_che (85).wav,kaon,che
kaon_che (86).wav,kaon,che
kaon_che (87).wav,kaon,che
kaon_che (88).wav,kaon,che
kaon_che (89).wav,kaon,che
kaon_che (9).wav,kaon,che
kaon_che (90).wav,kaon,che
kaon_che (91).wav,kaon,che
kaon_che (92).wav,kaon,che
kaon_che (93).wav,kaon,che
kaon_che (94).wav,kaon,che
kaon_che (95).wav,kaon,che
kaon_che (96).wav,kaon,che
kaon_che (97).wav,kaon,che
kaon_che (98).wav,kaon,che
kaon_che (99).wav,kaon,che
kaon_gab (1).wav,kaon,gab
kaon_gab (10).wav,kaon,gab
kaon_gab (100).wav,kaon,gab
kaon_gab (11).wav,kaon,gab
kaon_gab (12).wav,kaon,gab
kaon_gab (13).wav,kaon,gab
kaon_gab (14).wav,kaon,gab
kaon_gab (15).wav,kaon,gab
kaon_gab (16).wav,kaon,gab
kaon_gab (17).wav,kaon,gab
kaon_gab (18).wav,kaon,gab
kaon_gab (19).wav,kaon,gab
kaon_gab (2).wav,kaon,gab
kaon_gab (20).wav,kaon,gab
kaon_gab (21).wav,kaon,gab
kaon_gab (22).wav,kaon,gab
kaon_gab (23).wav,kaon,gab
kaon_gab (24).wav,kaon,gab
kaon_gab (25).wav,kaon,gab
kaon_gab (26).wav,kaon,gab
kaon_gab (27).wav,kaon,gab
kaon_gab (28).wav,kaon,gab
kaon_gab (29).wav,kaon,gab
kaon_gab (3).wav,kaon,gab
kaon_gab (30).wav,kaon,gab
kaon_gab (31).wav,kaon,gab
kaon_gab (32).wav,kaon,gab
kaon_gab (33).wav,kaon,gab
kaon_gab (34).wav,kaon,gab
kaon_gab (35).wav,kaon,gab
kaon_gab (36).wav,kaon,gab
kaon_gab (37).wav,kaon,gab
kaon_gab (38).wav,kaon,gab
kaon_gab (39).wav,kaon,gab
kaon_gab (4).wav,kaon,gab
kaon_gab (40).wav,kaon,gab
kaon_gab (41).wav,kaon,gab
kaon_gab (42).wav,kaon,gab
kaon_gab (43).wav,kaon,gab
kaon_gab (44).wav,kaon,gab
kaon_gab (45).wav,kaon,gab
kaon_gab (46).wav,kaon,gab
kaon_gab (47).wav,kaon,gab
kaon_gab (48).wav,kaon,gab
kaon_gab (49).wav,kaon,gab
kaon_gab (5).wav,kaon,gab
kaon_gab (50).wav,kaon,gab
kaon_gab (51).wav,kaon,gab
kaon_gab (52).wav,kaon,gab
kaon_gab (53).wav,kaon,gab
kaon_gab (54).wav,kaon,gab
kaon_gab (55).wav,kaon,gab
kaon_gab (56).wav,kaon,gab
kaon_gab (57).wav,kaon,gab
kaon_gab (58).wav,kaon,gab
kaon_gab (59).wav,kaon,gab
kaon_gab (6).wav,kaon,gab
kaon_gab (60).wav,kaon,gab
kaon_gab (61).wav,kaon,gab
kaon_gab (62).wav,kaon,gab
kaon_gab (63).wav,kaon,gab
kaon_gab (64).wav,kaon,gab
kaon_gab (65).wav,kaon,gab
kaon_gab (66).wav,kaon,gab
kaon_gab (67).wav,kaon,gab
kaon_gab (68).wav,kaon,gab
kaon_gab (69).wav,kaon,gab
kaon_gab (7).wav,kaon,gab
kaon_gab (70).wav,kaon,gab
kaon_gab (71).wav,kaon,gab
kaon_gab (72).wav,kaon,gab
kaon_gab (73).wav,kaon,gab
kaon_gab (74).wav,kaon,gab
kaon_gab (75).wav,kaon,gab
kaon_gab (76).wav,kaon,gab
kaon_gab (77).wav,kaon,gab
kaon_gab (78).wav,kaon,gab
kaon_gab (79).wav,kaon,gab
kaon_gab (8).wav,kaon,gab
kaon_gab (80).wav,kaon,gab
kaon_gab (81).wav,kaon,gab
kaon_gab (82).wav,kaon,gab
kaon_gab (83).wav,kaon,gab
kaon_gab (84).wav,kaon,gab
kaon_gab (85).wav,kaon,gab
kaon_gab (86).wav,kaon,gab
kaon_gab (87).wav,kaon,gab
kaon_gab (88).wav,kaon,gab
kaon_gab (89).wav,kaon,gab
kaon_gab (9).wav,kaon,gab
kaon_gab (90).wav,kaon,gab
kaon_gab (91).wav,kaon,gab
kaon_gab (92).wav,kaon,gab
kaon_gab (93).wav,kaon,gab
kaon_gab (94).wav,kaon,gab
kaon_gab (95).wav,kaon,gab
kaon_gab (96).wav,kaon,gab
kaon_gab (97).wav,kaon,gab
kaon_gab (98).wav,kaon,gab
kaon_gab (99).wav,kaon,gab
kaon_nicole (1).wav,kaon,nicole
kaon_nicole (10).wav,kaon,nicole
kaon_nicole (100).wav,kaon,nicole
kaon_nicole (11).wav,kaon,nicole
kaon_nicole (12).wav,kaon,nicole
kaon_nicole (13).wav,kaon,nicole
kaon_nicole (14).wav,kaon,nicole
kaon_nicole (15).wav,kaon,nicole
kaon_nicole (16).wav,kaon,nicole
kaon_nicole (17).wav,kaon,nicole
kaon_nicole (18).wav,kaon,nicole
kaon_nicole (19).wav,kaon,nicole
kaon_nicole (2).wav,kaon,nicole
kaon_nicole (20).wav,kaon,nicole
kaon_nicole (21).wav,kaon,nicole
kaon_nicole (22).wav,kaon,nicole
kaon_nicole (23).wav,kaon,nicole
kaon_nicole (24).wav,kaon,nicole
kaon_nicole (25).wav,kaon,nicole
kaon_nicole (26).wav,kaon,nicole
kaon_nicole (27).wav,kaon,nicole
kaon_nicole (28).wav,kaon,nicole
kaon_nicole (29).wav,kaon,nicole
kaon_nicole (3).wav,kaon,nicole
kaon_nicole (30).wav,kaon,nicole
kaon_nicole (31).wav,kaon,nicole
kaon_nicole (32).wav,kaon,nicole
kaon_nicole (33).wav,kaon,nicole
kaon_nicole (34).wav,kaon,nicole
kaon_nicole (35).wav,kaon,nicole
kaon_nicole (36).wav,kaon,nicole
kaon_nicole (37).wav,kaon,nicole
kaon_nicole (38).wav,kaon,nicole
kaon_nicole (39).wav,kaon,nicole
kaon_nicole (4).wav,kaon,nicole
kaon_nicole (40).wav,kaon,nicole
kaon_nicole (41).wav,kaon,nicole
kaon_nicole (42).wav,kaon,nicole
kaon_nicole (43).wav,kaon,nicole
kaon_nicole (44).wav,kaon,nicole
kaon_nicole (45).wav,kaon,nicole
kaon_nicole (46).wav,kaon,nicole
kaon_nicole (47).wav,kaon,nicole
kaon_nicole (48).wav,kaon,nicole
kaon_nicole (49).wav,kaon,nicole
kaon_nicole (5).wav,kaon,nicole
kaon_nicole (50).wav,kaon,nicole
kaon_nicole (51).wav,kaon,nicole
kaon_nicole (52).wav,kaon,nicole
kaon_nicole (53).wav,kaon,nicole
kaon_nicole (54).wav,kaon,nicole
kaon_nicole (55).wav,kaon,nicole
kaon_nicole (56).wav,kaon,nicole
kaon_nicole (57).wav,kaon,nicole
kaon_nicole (58).wav,kaon,nicole
kaon_nicole (59).wav,kaon,nicole
kaon_nicole (6).wav,kaon,nicole
kaon_nicole (60).wav,kaon,nicole
kaon_nicole (61).wav,kaon,nicole
kaon_nicole (62).wav,kaon,nicole
kaon_nicole (63).wav,kaon,nicole
kaon_nicole (64).wav,kaon,nicole
kaon_nicole (65).wav,kaon,nicole
kaon_nicole (66).wav,kaon,nicole
kaon_nicole (67).wav,kaon,nicole
kaon_nicole (68).wav,kaon,nicole
kaon_nicole (69).wav,kaon,nicole
kaon_nicole (7).wav,kaon,nicole
kaon_nicole (70).wav,kaon,nicole
kaon_nicole (71).wav,kaon,nicole
kaon_nicole (72).wav,kaon,nicole
kaon_nicole (73).wav,kaon,nicole
kaon_nicole (74).wav,kaon,nicole
kaon_nicole (75).wav,kaon,nicole
kaon_nicole (76).wav,kaon,nicole
kaon_nicole (77).wav,kaon,nicole
kaon_nicole (78).wav,kaon,nicole
kaon_nicole (79).wav,kaon,nicole
kaon_nicole (8).wav,kaon,nicole
kaon_nicole (80).wav,kaon,nicole
kaon_nicole (81).wav,kaon,nicole
kaon_nicole (82).wav,kaon,nicole
kaon_nicole (83).wav,kaon,nicole
kaon_nicole (84).wav,kaon,nicole
kaon_nicole (85).wav,kaon,nicole
kaon_nicole (86).wav,kaon,nicole
kaon_nicole (87).wav,kaon,nicole
kaon_nicole (88).wav,kaon,nicole
kaon_nicole (89).wav,kaon,nicole
kaon_nicole (9).wav,kaon,nicole
kaon_nicole (90).wav,kaon,nicole
kaon_nicole (91).wav,kaon,nicole
kaon_nicole (92).wav,kaon,nicole
kaon_nicole (93).wav,kaon,nicole
kaon_nicole (94).wav,kaon,nicole
kaon_nicole (95).wav,kaon,nicole
kaon_nicole (96).wav,kaon,nicole
kaon_nicole (97).wav,kaon,nicole
kaon_nicole (98).wav,kaon,nicole
kaon_nicole (99).wav,kaon,nicole
kaon_sam (1).wav,kaon,sam
kaon_sam (10).wav,kaon,sam
kaon_sam (11).wav,kaon,sam
kaon_sam (12).wav,kaon,sam
kaon_sam (13).wav,kaon,sam
kaon_sam (14).wav,kaon,sam
kaon_sam (15).wav,kaon,sam
kaon_sam (16).wav,kaon,sam
kaon_sam (17).wav,kaon,sam
kaon_sam (18).wav,kaon,sam
kaon_sam (19).wav,kaon,sam
kaon_sam (2).wav,kaon,sam
kaon_sam (20).wav,kaon,sam
kaon_sam (3).wav,kaon,sam
kaon_sam (4).wav,kaon,sam
kaon_sam (5).wav,kaon,sam
kaon_sam (6).wav,kaon,sam
kaon_sam (7).wav,kaon,sam
kaon_sam (8).wav,kaon,sam
kaon_sam (9).wav,kaon,sam
marasa_che (1).wav,marasa,che
marasa_che (10).wav,marasa,che
marasa_che (100).wav,marasa,che
marasa_che (11).wav,marasa,che
marasa_che (12).wav,marasa,che
marasa_che (13).wav,marasa,che
marasa_che (14).wav,marasa,che
marasa_che (15).wav,marasa,che
marasa_che (16).wav,marasa,che
marasa_che (17).wav,marasa,che
marasa_che (18).wav,marasa,che
marasa_che (19).wav,marasa,che
marasa_che (2).wav,marasa,che
marasa_che (20).wav,marasa,che
marasa_che (21).wav,marasa,che
marasa_che (22).wav,marasa,che
marasa_che (23).wav,marasa,che
marasa_che (24).wav,marasa,che
marasa_che (25).wav,marasa,che
marasa_che (26).wav,marasa,che
marasa_che (27).wav,marasa,che
marasa_che (28).wav,marasa,che
marasa_che (29).wav,marasa,che
marasa_che (3).wav,marasa,che
marasa_che (30).wav,marasa,che
marasa_che (31).wav,marasa,che
marasa_che (32).wav,marasa,che
marasa_che (33).wav,marasa,che
marasa_che (34).wav,marasa,che
marasa_che (35).wav,marasa,che
marasa_che (36).wav,marasa,che
marasa_che (37).wav,marasa,che
marasa_che (38).wav,marasa,che
marasa_che (39).wav,marasa,che
marasa_che (4).wav,marasa,che
marasa_che (40).wav,marasa,che
marasa_che (41).wav,marasa,che
marasa_che (42).wav,marasa,che
marasa_che (43).wav,marasa,che
marasa_che (44).wav,marasa,che
marasa_che (45).wav,marasa,che
marasa_che (46).wav,marasa,che
marasa_che (47).wav,marasa,che
marasa_che (48).wav,marasa,che
marasa_che (49).wav,marasa,che
marasa_che (5).wav,marasa,che
marasa_che (50).wav,marasa,che
marasa_che (51).wav,marasa,che
marasa_che (52).wav,marasa,che
marasa_che (53).wav,marasa,che
marasa_che (54).wav,marasa,che
marasa_che (55).wav,marasa,che
marasa_che (56).wav,marasa,che
marasa_che (57).wav,marasa,che
marasa_che (58).wav,marasa,che
marasa_che (59).wav,marasa,che
marasa_che (6).wav,marasa,che
marasa_che (60).wav,marasa,che
marasa_che (61).wav,marasa,che
marasa_che (62).wav,marasa,che
marasa_che (63).wav,marasa,che
marasa_che (64).wav,marasa,che
marasa_che (65).wav,marasa,che
marasa_che (66).wav,marasa,che
marasa_che (67).wav,marasa,che
marasa_che (68).wav,marasa,che
marasa_che (69).wav,marasa,che
marasa_che (7).wav,marasa,che
marasa_che (70).wav,marasa,che
marasa_che (71).wav,marasa,che
marasa_che (72).wav,marasa,che
marasa_che (73).wav,marasa,che
marasa_che (74).wav,marasa,che
marasa_che (75).wav,marasa,che
marasa_che (76).wav,marasa,che
marasa_che (77).wav,marasa,che
marasa_che (78).wav,marasa,che
marasa_che (79).wav,marasa,che
marasa_che (8).wav,marasa,che
marasa_che (80).wav,marasa,che
marasa_che (81).wav,marasa,che
marasa_che (82).wav,marasa,che
marasa_che (83).wav,marasa,che
marasa_che (84).wav,marasa,che
marasa_che (85).wav,marasa,che
marasa_che (86).wav,marasa,che
marasa_che (87).wav,marasa,che
marasa_che (88).wav,marasa,che
marasa_che (89).wav,marasa,che
marasa_che (9).wav,marasa,che
marasa_che (90).wav,marasa,che
marasa_che (91).wav,marasa,che
marasa_che (92).wav,marasa,che
marasa_che (93).wav,marasa,che
marasa_che (94).wav,marasa,che
marasa_che (95).wav,marasa,che
marasa_che (96).wav,marasa,che
marasa_che (97).wav,marasa,che
marasa_che (98).wav,marasa,che
marasa_che (99).wav,marasa,che
marasa_gab (1).wav,marasa,gab
marasa_gab (10).wav,marasa,gab
marasa_gab (100).wav,marasa,gab
marasa_gab (11).wav,marasa,gab
marasa_gab (12).wav,marasa,gab
marasa_gab (13).wav,marasa,gab
marasa_gab (14).wav,marasa,gab
marasa_gab (15).wav,marasa,gab
marasa_gab (16).wav,marasa,gab
marasa_gab (17).wav,marasa,gab
marasa_gab (18).wav,marasa,gab
marasa_gab (19).wav,marasa,gab
marasa_gab (2).wav,marasa,gab
marasa_gab (20).wav,marasa,gab
marasa_gab (21).wav,marasa,gab
marasa_gab (22).wav,marasa,gab
marasa_gab (23).wav,marasa,gab
marasa_gab (24).wav,marasa,gab
marasa_gab (25).wav,marasa,gab
marasa_gab (26).wav,marasa,gab
marasa_gab (27).wav,marasa,gab
marasa_gab (28).wav,marasa,gab
marasa_gab (29).wav,marasa,gab
marasa_gab (3).wav,marasa,gab
marasa_gab (30).wav,marasa,gab
marasa_gab (31).wav,marasa,gab
marasa_gab (32).wav,marasa,gab
marasa_gab (33).wav,marasa,gab
marasa_gab (34).wav,marasa,gab
marasa_gab (35).wav,marasa,gab
marasa_gab (36).wav,marasa,gab
marasa_gab (37).wav,marasa,gab
marasa_gab (38).wav,marasa,gab
marasa_gab (39).wav,marasa,gab
marasa_gab (4).wav,marasa,gab
marasa_gab (40).wav,marasa,gab
marasa_gab (41).wav,marasa,gab
marasa_gab (42).wav,marasa,gab
marasa_gab (43).wav,marasa,gab
marasa_gab (44).wav,marasa,gab
marasa_gab (45).wav,marasa,gab
marasa_gab (46).wav,marasa,gab
marasa_gab (47).wav,marasa,gab
marasa_gab (48).wav,marasa,gab
marasa_gab (49).wav,marasa,gab
marasa_gab (5).wav,marasa,gab
marasa_gab (50).wav,marasa,gab
marasa_gab (51).wav,marasa,gab
marasa_gab (52).wav,marasa,gab
marasa_gab (53).wav,marasa,gab
marasa_gab (54).wav,marasa,gab
marasa_gab (55).wav,marasa,gab
marasa_gab (56).wav,marasa,gab
marasa_gab (57).wav,marasa,gab
marasa_gab (58).wav,marasa,gab
marasa_gab (59).wav,marasa,gab
marasa_gab (6).wav,marasa,gab
marasa_gab (60).wav,marasa,gab
marasa_gab (61).wav,marasa,gab
marasa_gab (62).wav,marasa,gab
marasa_gab (63).wav,marasa,gab
marasa_gab (64).wav,marasa,gab
marasa_gab (65).wav,marasa,gab
marasa_gab (66).wav,marasa,gab
marasa_gab (67).wav,marasa,gab
marasa_gab (68).wav,marasa,gab
marasa_gab (69).wav,marasa,gab
marasa_gab (7).wav,marasa,gab
marasa_gab (70).wav,marasa,gab
marasa_gab (71).wav,marasa,gab
marasa_gab (72).wav,marasa,gab
marasa_gab (73).wav,marasa,gab
marasa_gab (74).wav,marasa,gab
marasa_gab (75).wav,marasa,gab
marasa_gab (76).wav,marasa,gab
marasa_gab (77).wav,marasa,gab
marasa_gab (78).wav,marasa,gab
marasa_gab (79).wav,marasa,gab
marasa_gab (8).wav,marasa,gab
marasa_gab (80).wav,marasa,gab
marasa_gab (81).wav,marasa,gab
marasa_gab (82).wav,marasa,gab
marasa_gab (83).wav,marasa,gab
marasa_gab (84).wav,marasa,gab
marasa_gab (85).wav,marasa,gab
marasa_gab (86).wav,marasa,gab
marasa_gab (87).wav,marasa,gab
marasa_gab (88).wav,marasa,gab
marasa_gab (89).wav,marasa,gab
marasa_gab (9).wav,marasa,gab
marasa_gab (90).wav,marasa,gab
marasa_gab (91).wav,marasa,gab
marasa_gab (92).wav,marasa,gab
marasa_gab (93).wav,marasa,gab
marasa_gab (94).wav,marasa,gab
marasa_gab (95).wav,marasa,gab
marasa_gab (96).wav,marasa,gab
marasa_gab (97).wav,marasa,gab
marasa_gab (98).wav,marasa,gab
marasa_gab (99).wav,marasa,gab
marasa_nicole (1).wav,marasa,nicole
marasa_nicole (10).wav,marasa,nicole
marasa_nicole (100).wav,marasa,nicole
marasa_nicole (11).wav,marasa,nicole
marasa_nicole (12).wav,marasa,nicole
marasa_nicole (13).wav,marasa,nicole
marasa_nicole (14).wav,marasa,nicole
marasa_nicole (15).wav,marasa,nicole
marasa_nicole (16).wav,marasa,nicole
marasa_nicole (17).wav,marasa,nicole
marasa_nicole (18).wav,marasa,nicole
marasa_nicole (19).wav,marasa,nicole
marasa_nicole (2).wav,marasa,nicole
marasa_nicole (20).wav,marasa,nicole
marasa_nicole (21).wav,marasa,nicole
marasa_nicole (22).wav,marasa,nicole
marasa_nicole (23).wav,marasa,nicole
marasa_nicole (24).wav,marasa,nicole
marasa_nicole (25).wav,marasa,nicole
marasa_nicole (26).wav,marasa,nicole
marasa_nicole (27).wav,marasa,nicole
marasa_nicole (28).wav,marasa,nicole
marasa_nicole (29).wav,marasa,nicole
marasa_nicole (3).wav,marasa,nicole
marasa_nicole (30).wav,marasa,nicole
marasa_nicole (31).wav,marasa,nicole
marasa_nicole (32).wav,marasa,nicole
marasa_nicole (33).wav,marasa,nicole
marasa_nicole (34).wav,marasa,nicole
marasa_nicole (35).wav,marasa,nicole
marasa_nicole (36).wav,marasa,nicole
marasa_nicole (37).wav,marasa,nicole
marasa_nicole (38).wav,marasa,nicole
marasa_nicole (39).wav,marasa,nicole
marasa_nicole (4).wav,marasa,nicole
marasa_nicole (40).wav,marasa,nicole
marasa_nicole (41).wav,marasa,nicole
marasa_nicole (42).wav,marasa,nicole
marasa_nicole (43).wav,marasa,nicole
marasa_nicole (44).wav,marasa,nicole
marasa_nicole (45).wav,marasa,nicole
marasa_nicole (46).wav,marasa,nicole
marasa_nicole (47).wav,marasa,nicole
marasa_nicole (48).wav,marasa,nicole
marasa_nicole (49).wav,marasa,nicole
marasa_nicole (5).wav,marasa,nicole
marasa_nicole (50).wav,marasa,nicole
marasa_nicole (51).wav,marasa,nicole
marasa_nicole (52).wav,marasa,nicole
marasa_nicole (53).wav,marasa,nicole
marasa_nicole (54).wav,marasa,nicole
marasa_nicole (55).wav,marasa,nicole
marasa_nicole (56).wav,marasa,nicole
marasa_nicole (57).wav,marasa,nicole
marasa_nicole (58).wav,marasa,nicole
marasa_nicole (59).wav,marasa,nicole
marasa_nicole (6).wav,marasa,nicole
marasa_nicole (60).wav,marasa,nicole
marasa_nicole (61).wav,marasa,nicole
marasa_nicole (62).wav,marasa,nicole
marasa_nicole (63).wav,marasa,nicole
marasa_nicole (64).wav,marasa,nicole
marasa_nicole (65).wav,marasa,nicole
marasa_nicole (66).wav,marasa,nicole
marasa_nicole (67).wav,marasa,nicole
marasa_nicole (68).wav,marasa,nicole
marasa_nicole (69).wav,marasa,nicole
marasa_nicole (7).wav,marasa,nicole
marasa_nicole (70).wav,marasa,nicole
marasa_nicole (71).wav,marasa,nicole
marasa_nicole (72).wav,marasa,nicole
marasa_nicole (73).wav,marasa,nicole
marasa_nicole (74).wav,marasa,nicole
marasa_nicole (75).wav,marasa,nicole
marasa_nicole (76).wav,marasa,nicole
marasa_nicole (77).wav,marasa,nicole
marasa_nicole (78).wav,marasa,nicole
marasa_nicole (79).wav,marasa,nicole
marasa_nicole (8).wav,marasa,nicole
marasa_nicole (80).wav,marasa,nicole
marasa_nicole (81).wav,marasa,nicole
marasa_nicole (82).wav,marasa,nicole
marasa_nicole (83).wav,marasa,nicole
marasa_nicole (84).wav,marasa,nicole
marasa_nicole (85).wav,marasa,nicole
marasa_nicole (86).wav,marasa,nicole
marasa_nicole (87).wav,marasa,nicole
marasa_nicole (88).wav,marasa,nicole
marasa_nicole (89).wav,marasa,nicole
marasa_nicole (9).wav,marasa,nicole
marasa_nicole (90).wav,marasa,nicole
marasa_nicole (91).wav,marasa,nicole
marasa_nicole (92).wav,marasa,nicole
marasa_nicole (93).wav,marasa,nicole
marasa_nicole (94).wav,marasa,nicole
marasa_nicole (95).wav,marasa,nicole
marasa_nicole (96).wav,marasa,nicole
marasa_nicole (97).wav,marasa,nicole
marasa_nicole (98).wav,marasa,nicole
marasa_nicole (99).wav,marasa,nicole
marasa_sam (1).wav,marasa,sam
marasa_sam (10).wav,marasa,sam
marasa_sam (11).wav,marasa,sam
marasa_sam (12).wav,marasa,sam
marasa_sam (13).wav,marasa,sam
marasa_sam (14).wav,marasa,sam
marasa_sam (15).wav,marasa,sam
marasa_sam (16).wav,marasa,sam
marasa_sam (17).wav,marasa,sam
marasa_sam (18).wav,marasa,sam
marasa_sam (19).wav,marasa,sam
marasa_sam (2).wav,marasa,sam
marasa_sam (20).wav,marasa,sam
marasa_sam (3).wav,marasa,sam
marasa_sam (4).wav,marasa,sam
marasa_sam (5).wav,marasa,sam
marasa_sam (6).wav,marasa,sam
marasa_sam (7).wav,marasa,sam
marasa_sam (8).wav,marasa,sam
marasa_sam (9).wav,marasa,sam
maupay_che (111).wav,maupay,che
maupay_che (112).wav,maupay,che
maupay_che (113).wav,maupay,che
maupay_che (114).wav,maupay,che
maupay_che (115).wav,maupay,che
maupay_che (116).wav,maupay,che
maupay_che (117).wav,maupay,che
maupay_che (118).wav,maupay,che
maupay_che (119).wav,maupay,che
maupay_che (120).wav,maupay,che
maupay_che (121).wav,maupay,che
maupay_che (122).wav,maupay,che
maupay_che (123).wav,maupay,che
maupay_che (124).wav,maupay,che
maupay_che (125).wav,maupay,che
maupay_che (126).wav,maupay,che
maupay_che (127).wav,maupay,che
maupay_che (128).wav,maupay,che
maupay_che (129).wav,maupay,che
maupay_che (130).wav,maupay,che
maupay_che (131).wav,maupay,che
maupay_che (132).wav,maupay,che
maupay_che (133).wav,maupay,che
maupay_che (134).wav,maupay,che
maupay_che (135).wav,maupay,che
maupay_che (136).wav,maupay,che
maupay_che (137).wav,maupay,che
maupay_che (138).wav,maupay,che
maupay_che (139).wav,maupay,che
maupay_che (140).wav,maupay,che
maupay_che (229).wav,maupay,che
maupay_che (230).wav,maupay,che
maupay_che (231).wav,maupay,che
maupay_che (232).wav,maupay,che
maupay_che (233).wav,maupay,che
maupay_che (234).wav,maupay,che
maupay_che (235).wav,maupay,che
maupay_che (236).wav,maupay,che
maupay_che (237).wav,maupay,che
maupay_che (238).wav,maupay,che
maupay_che (239).wav,maupay,che
maupay_che (240).wav,maupay,che
maupay_che (241).wav,maupay,che
maupay_che (242).wav,maupay,che
maupay_che (243).wav,maupay,che
maupay_che (244).wav,maupay,che
maupay_che (245).wav,maupay,che
maupay_che (246).wav,maupay,che
maupay_che (247).wav,maupay,che
maupay_che (248).wav,maupay,che
maupay_che (249).wav,maupay,che
maupay_che (250).wav,maupay,che
maupay_che (251).wav,maupay,che
maupay_che (252).wav,maupay,che
maupay_che (253).wav,maupay,che
maupay_che (254).wav,maupay,che
maupay_che (255).wav,maupay,che
maupay_che (256).wav,maupay,che
maupay_che (257).wav,maupay,che
maupay_che (258).wav,maupay,che
maupay_che (259).wav,maupay,che
maupay_che (260).wav,maupay,che
maupay_che (261).wav,maupay,che
maupay_che (262).wav,maupay,che
maupay_che (263).wav,maupay,che
maupay_che (264).wav,maupay,che
maupay_che (265).wav,maupay,che
maupay_che (266).wav,maupay,che
maupay_che (267).wav,maupay,che
maupay_che (268).wav,maupay,che
maupay_che (269).wav,maupay,che
maupay_che (270).wav,maupay,che
maupay_che (271).wav,maupay,che
maupay_che (272).wav,maupay,che
maupay_che (273).wav,maupay,che
maupay_che (274).wav,maupay,che
maupay_che (275).wav,maupay,che
maupay_che (276).wav,maupay,che
maupay_che (277).wav,maupay,che
maupay_che (278).wav,maupay,che
maupay_che (279).wav,maupay,che
maupay_che (280).wav,maupay,che
maupay_che (281).wav,maupay,che
maupay_che (282).wav,maupay,che
maupay_che (283).wav,maupay,che
maupay_che (284).wav,maupay,che
maupay_che (285).wav,maupay,che
maupay_che (286).wav,maupay,che
maupay_che (287).wav,maupay,che
maupay_che (288).wav,maupay,che
maupay_che (289).wav,maupay,che
maupay_che (290).wav,maupay,che
maupay_che (291).wav,maupay,che
maupay_che (292).wav,maupay,che
maupay_che (293).wav,maupay,che
maupay_che (294).wav,maupay,che
maupay_che (295).wav,maupay,che
maupay_che (296).wav,maupay,che
maupay_nicole (1).wav,maupay,nicole
maupay_nicole (10).wav,maupay,nicole
maupay_nicole (11).wav,maupay,nicole
maupay_nicole (12).wav,maupay,nicole
maupay_nicole (13).wav,maupay,nicole
maupay_nicole (14).wav,maupay,nicole
maupay_nicole (15).wav,maupay,nicole
maupay_nicole (16).wav,maupay,nicole
maupay_nicole (17).wav,maupay,nicole
maupay_nicole (18).wav,maupay,nicole
maupay_nicole (19).wav,maupay,nicole
maupay_nicole (2).wav,maupay,nicole
maupay_nicole (20).wav,maupay,nicole
maupay_nicole (21).wav,maupay,nicole
maupay_nicole (22).wav,maupay,nicole
maupay_nicole (23).wav,maupay,nicole
maupay_nicole (24).wav,maupay,nicole
maupay_nicole (25).wav,maupay,nicole
maupay_nicole (26).wav,maupay,nicole
maupay_nicole (27).wav,maupay,nicole
maupay_nicole (28).wav,maupay,nicole
maupay_nicole (29).wav,maupay,nicole
maupay_nicole (3).wav,maupay,nicole
maupay_nicole (30).wav,maupay,nicole
maupay_nicole (31).wav,maupay,nicole
maupay_nicole (32).wav,maupay,nicole
maupay_nicole (33).wav,maupay,nicole
maupay_nicole (34).wav,maupay,nicole
maupay_nicole (35).wav,maupay,nicole
maupay_nicole (36).wav,maupay,nicole
maupay_nicole (37).wav,maupay,nicole
maupay_nicole (38).wav,maupay,nicole
maupay_nicole (39).wav,maupay,nicole
maupay_nicole (4).wav,maupay,nicole
maupay_nicole (40).wav,maupay,nicole
maupay_nicole (41).wav,maupay,nicole
maupay_nicole (42).wav,maupay,nicole
maupay_nicole (43).wav,maupay,nicole
maupay_nicole (44).wav,maupay,nicole
maupay_nicole (45).wav,maupay,nicole
maupay_nicole (46).wav,maupay,nicole
maupay_nicole (47).wav,maupay,nicole
maupay_nicole (48).wav,maupay,nicole
maupay_nicole (49).wav,maupay,nicole
maupay_nicole (5).wav,maupay,nicole
maupay_nicole (50).wav,maupay,nicole
maupay_nicole (51).wav,maupay,nicole
maupay_nicole (52).wav,maupay,nicole
maupay_nicole (53).wav,maupay,nicole
maupay_nicole (54).wav,maupay,nicole
maupay_nicole (55).wav,maupay,nicole
maupay_nicole (56).wav,maupay,nicole
maupay_nicole (57).wav,maupay,nicole
maupay_nicole (58).wav,maupay,nicole
maupay_nicole (59).wav,maupay,nicole
maupay_nicole (6).wav,maupay,nicole
maupay_nicole (60).wav,maupay,nicole
maupay_nicole (61).wav,maupay,nicole
maupay_nicole (62).wav,maupay,nicole
maupay_nicole (63).wav,maupay,nicole
maupay_nicole (64).wav,maupay,nicole
maupay_nicole (65).wav,maupay,nicole
maupay_nicole (66).wav,maupay,nicole
maupay_nicole (67).wav,maupay,nicole
maupay_nicole (68).wav,maupay,nicole
maupay_nicole (69).wav,maupay,nicole
maupay_nicole (7).wav,maupay,nicole
maupay_nicole (70).wav,maupay,nicole
maupay_nicole (71).wav,maupay,nicole
maupay_nicole (72).wav,maupay,nicole
maupay_nicole (73).wav,maupay,nicole
maupay_nicole (74).wav,maupay,nicole
maupay_nicole (75).wav,maupay,nicole
maupay_nicole (76).wav,maupay,nicole
maupay_nicole (77).wav,maupay,nicole
maupay_nicole (78).wav,maupay,nicole
maupay_nicole (79).wav,maupay,nicole
maupay_nicole (8).wav,maupay,nicole
maupay_nicole (80).wav,maupay,nicole
maupay_nicole (81).wav,maupay,nicole
maupay_nicole (82).wav,maupay,nicole
maupay_nicole (83).wav,maupay,nicole
maupay_nicole (84).wav,maupay,nicole
maupay_nicole (85).wav,maupay,nicole
maupay_nicole (86).wav,maupay,nicole
maupay_nicole (87).wav,maupay,nicole
maupay_nicole (88).wav,maupay,nicole
maupay_nicole (89).wav,maupay,nicole
maupay_nicole (9).wav,maupay,nicole
maupay_nicole (90).wav,maupay,nicole
maupay_sam (1).wav,maupay,sam
maupay_sam (10).wav,maupay,sam
maupay_sam (11).wav,maupay,sam
maupay_sam (12).wav,maupay,sam
maupay_sam (13).wav,maupay,sam
maupay_sam (14).wav,maupay,sam
maupay_sam (15).wav,maupay,sam
maupay_sam (16).wav,maupay,sam
maupay_sam (17).wav,maupay,sam
maupay_sam (18).wav,maupay,sam
maupay_sam (19).wav,maupay,sam
maupay_sam (2).wav,maupay,sam
maupay_sam (20).wav,maupay,sam
maupay_sam (3).wav,maupay,sam
maupay_sam (4).wav,maupay,sam
maupay_sam (5).wav,maupay,sam
maupay_sam (6).wav,maupay,sam
maupay_sam (7).wav,maupay,sam
maupay_sam (8).wav,maupay,sam
maupay_sam (9).wav,maupay,sam
ngaran_che (100).wav,ngaran,che
ngaran_che (101).wav,ngaran,che
ngaran_che (102).wav,ngaran,che
ngaran_che (103).wav,ngaran,che
ngaran_che (104).wav,ngaran,che
ngaran_che (105).wav,ngaran,che
ngaran_che (106).wav,ngaran,che
ngaran_che (107).wav,ngaran,che
ngaran_che (108).wav,ngaran,che
ngaran_che (109).wav,ngaran,che
ngaran_che (110).wav,ngaran,che
ngaran_che (159).wav,ngaran,che
ngaran_che (160).wav,ngaran,che
ngaran_che (161).wav,ngaran,che
ngaran_che (162).wav,ngaran,che
ngaran_che (163).wav,ngaran,che
ngaran_che (164).wav,ngaran,che
ngaran_che (165).wav,ngaran,che
ngaran_che (166).wav,ngaran,che
ngaran_che (167).wav,ngaran,che
ngaran_che (168).wav,ngaran,che
ngaran_che (169).wav,ngaran,che
ngaran_che (170).wav,ngaran,che
ngaran_che (171).wav,ngaran,che
ngaran_che (172).wav,ngaran,che
ngaran_che (173).wav,ngaran,che
ngaran_che (174).wav,ngaran,che
ngaran_che (175).wav,ngaran,che
ngaran_che (176).wav,ngaran,che
ngaran_che (177).wav,ngaran,che
ngaran_che (178).wav,ngaran,che
ngaran_che (179).wav,ngaran,che
ngaran_che (180).wav,ngaran,che
ngaran_che (181).wav,ngaran,che
ngaran_che (182).wav,ngaran,che
ngaran_che (183).wav,ngaran,che
ngaran_che (184).wav,ngaran,che
ngaran_che (185).wav,ngaran,che
ngaran_che (186).wav,ngaran,che
ngaran_che (187).wav,ngaran,che
ngaran_che (188).wav,ngaran,che
ngaran_che (189).wav,ngaran,che
ngaran_che (190).wav,ngaran,che
ngaran_che (191).wav,ngaran,che
ngaran_che (192).wav,ngaran,che
ngaran_che (193).wav,ngaran,che
ngaran_che (194).wav,ngaran,che
ngaran_che (195).wav,ngaran,che
ngaran_che (196).wav,ngaran,che
ngaran_che (197).wav,ngaran,che
ngaran_che (198).wav,ngaran,che
ngaran_che (199).wav,ngaran,che
ngaran_che (200).wav,ngaran,che
ngaran_che (201).wav,ngaran,che
ngaran_che (202).wav,ngaran,che
ngaran_che (203).wav,ngaran,che
ngaran_che (204).wav,ngaran,che
ngaran_che (205).wav,ngaran,che
ngaran_che (206).wav,ngaran,che
ngaran_che (207).wav,ngaran,che
ngaran_che (208).wav,ngaran,che
ngaran_che (209).wav,ngaran,che
ngaran_che (210).wav,ngaran,che
ngaran_che (211).wav,ngaran,che
ngaran_che (212).wav,ngaran,che
ngaran_che (213).wav,ngaran,che
ngaran_che (214).wav,ngaran,che
ngaran_che (215).wav,ngaran,che
ngaran_che (216).wav,ngaran,che
ngaran_che (217).wav,ngaran,che
ngaran_che (218).wav,ngaran,che
ngaran_che (219).wav,ngaran,che
ngaran_che (220).wav,ngaran,che
ngaran_che (221).wav,ngaran,che
ngaran_che (222).wav,ngaran,che
ngaran_che (223).wav,ngaran,che
ngaran_che (224).wav,ngaran,che
ngaran_che (225).wav,ngaran,che
ngaran_che (226).wav,ngaran,che
ngaran_che (227).wav,ngaran,che
ngaran_che (228).wav,ngaran,che
ngaran_che (81).wav,ngaran,che
ngaran_che (82).wav,ngaran,che
ngaran_che (83).wav,ngaran,che
ngaran_che (84).wav,ngaran,che
ngaran_che (85).wav,ngaran,che
ngaran_che (86).wav,ngaran,che
ngaran_che (87).wav,ngaran,che
ngaran_che (88).wav,ngaran,che
ngaran_che (89).wav,ngaran,che
ngaran_che (90).wav,ngaran,che
ngaran_che (91).wav,ngaran,che
ngaran_che (92).wav,ngaran,che
ngaran_che (93).wav,ngaran,che
ngaran_che (94).wav,ngaran,che
ngaran_che (95).wav,ngaran,che
ngaran_che (96).wav,ngaran,che
ngaran_che (97).wav,ngaran,che
ngaran_che (98).wav,ngaran,che
ngaran_che (99).wav,ngaran,che
ngaran_gab (1).wav,ngaran,gab
ngaran_gab (10).wav,ngaran,gab
ngaran_gab (100).wav,ngaran,gab
ngaran_gab (11).wav,ngaran,gab
ngaran_gab (12).wav,ngaran,gab
ngaran_gab (13).wav,ngaran,gab
ngaran_gab (14).wav,ngaran,gab
ngaran_gab (15).wav,ngaran,gab
ngaran_gab (16).wav,ngaran,gab
ngaran_gab (17).wav,ngaran,gab
ngaran_gab (18).wav,ngaran,gab
ngaran_gab (19).wav,ngaran,gab
ngaran_gab (2).wav,ngaran,gab
ngaran_gab (20).wav,ngaran,gab
ngaran_gab (21).wav,ngaran,gab
ngaran_gab (22).wav,ngaran,gab
ngaran_gab (23).wav,ngaran,gab
ngaran_gab (24).wav,ngaran,gab
ngaran_gab (25).wav,ngaran,gab
ngaran_gab (26).wav,ngaran,gab
ngaran_gab (27).wav,ngaran,gab
ngaran_gab (28).wav,ngaran,gab
ngaran_gab (29).wav,ngaran,gab
ngaran_gab (3).wav,ngaran,gab
ngaran_gab (30).wav,ngaran,gab
ngaran_gab (31).wav,ngaran,gab
ngaran_gab (32).wav,ngaran,gab
ngaran_gab (33).wav,ngaran,gab
ngaran_gab (34).wav,ngaran,gab
ngaran_gab (35).wav,ngaran,gab
ngaran_gab (36).wav,ngaran,gab
ngaran_gab (37).wav,ngaran,gab
ngaran_gab (38).wav,ngaran,gab
ngaran_gab (39).wav,ngaran,gab
ngaran_gab (4).wav,ngaran,gab
ngaran_gab (40).wav,ngaran,gab
ngaran_gab (41).wav,ngaran,gab
ngaran_gab (42).wav,ngaran,gab
ngaran_gab (43).wav,ngaran,gab
ngaran_gab (44).wav,ngaran,gab
ngaran_gab (45).wav,ngaran,gab
ngaran_gab (46).wav,ngaran,gab
ngaran_gab (47).wav,ngaran,gab
ngaran_gab (48).wav,ngaran,gab
ngaran_gab (49).wav,ngaran,gab
ngaran_gab (5).wav,ngaran,gab
ngaran_gab (50).wav,ngaran,gab
ngaran_gab (51).wav,ngaran,gab
ngaran_gab (52).wav,ngaran,gab
ngaran_gab (53).wav,ngaran,gab
ngaran_gab (54).wav,ngaran,gab
ngaran_gab (55).wav,ngaran,gab
ngaran_gab (56).wav,ngaran,gab
ngaran_gab (57).wav,ngaran,gab
ngaran_gab (58).wav,ngaran,gab
ngaran_gab (59).wav,ngaran,gab
ngaran_gab (6).wav,ngaran,gab
ngaran_gab (60).wav,ngaran,gab
ngaran_gab (61).wav,ngaran,gab
ngaran_gab (62).wav,ngaran,gab
ngaran_gab (63).wav,ngaran,gab
ngaran_gab (64).wav,ngaran,gab
ngaran_gab (65).wav,ngaran,gab
ngaran_gab (66).wav,ngaran,gab
ngaran_gab (67).wav,ngaran,gab
ngaran_gab (68).wav,ngaran,gab
ngaran_gab (69).wav,ngaran,gab
ngaran_gab (7).wav,ngaran,gab
ngaran_gab (70).wav,ngaran,gab
ngaran_gab (71).wav,ngaran,gab
ngaran_gab (72).wav,ngaran,gab
ngaran_gab (73).wav,ngaran,gab
ngaran_gab (74).wav,ngaran,gab
ngaran_gab (75).wav,ngaran,gab
ngaran_gab (76).wav,ngaran,gab
ngaran_gab (77).wav,ngaran,gab
ngaran_gab (78).wav,ngaran,gab
ngaran_gab (79).wav,ngaran,gab
ngaran_gab (8).wav,ngaran,gab
ngaran_gab (80).wav,ngaran,gab
ngaran_gab (81).wav,ngaran,gab
ngaran_gab (82).wav,ngaran,gab
ngaran_gab (83).wav,ngaran,gab
ngaran_gab (84).wav,ngaran,gab
ngaran_gab (85).wav,ngaran,gab
ngaran_gab (86).wav,ngaran,gab
ngaran_gab (87).wav,ngaran,gab
ngaran_gab (88).wav,ngaran,gab
ngaran_gab (89).wav,ngaran,gab
ngaran_gab (9).wav,ngaran,gab
ngaran_gab (90).wav,ngaran,gab
ngaran_gab (91).wav,ngaran,gab
ngaran_gab (92).wav,ngaran,gab
ngaran_gab (93).wav,ngaran,gab
ngaran_gab (94).wav,ngaran,gab
ngaran_gab (95).wav,ngaran,gab
ngaran_gab (96).wav,ngaran,gab
ngaran_gab (97).wav,ngaran,gab
ngaran_gab (98).wav,ngaran,gab
ngaran_gab (99).wav,ngaran,gab
ngaran_nicole (1).wav,ngaran,nicole
ngaran_nicole (10).wav,ngaran,nicole
ngaran_nicole (100).wav,ngaran,nicole
ngaran_nicole (11).wav,ngaran,nicole
ngaran_nicole (12).wav,ngaran,nicole
ngaran_nicole (13).wav,ngaran,nicole
ngaran_nicole (14).wav,ngaran,nicole
ngaran_nicole (15).wav,ngaran,nicole
ngaran_nicole (16).wav,ngaran,nicole
ngaran_nicole (17).wav,ngaran,nicole
ngaran_nicole (18).wav,ngaran,nicole
ngaran_nicole (19).wav,ngaran,nicole
ngaran_nicole (2).wav,ngaran,nicole
ngaran_nicole (20).wav,ngaran,nicole
ngaran_nicole (21).wav,ngaran,nicole
ngaran_nicole (22).wav,ngaran,nicole
ngaran_nicole (23).wav,ngaran,nicole
ngaran_nicole (24).wav,ngaran,nicole
ngaran_nicole (25).wav,ngaran,nicole
ngaran_nicole (26).wav,ngaran,nicole
ngaran_nicole (27).wav,ngaran,nicole
ngaran_nicole (28).wav,ngaran,nicole
ngaran_nicole (29).wav,ngaran,nicole
ngaran_nicole (3).wav,ngaran,nicole
ngaran_nicole (30).wav,ngaran,nicole
ngaran_nicole (31).wav,ngaran,nicole
ngaran_nicole (32).wav,ngaran,nicole
ngaran_nicole (33).wav,ngaran,nicole
ngaran_nicole (34).wav,ngaran,nicole
ngaran_nicole (35).wav,ngaran,nicole
ngaran_nicole (36).wav,ngaran,nicole
ngaran_nicole (37).wav,ngaran,nicole
ngaran_nicole (38).wav,ngaran,nicole
ngaran_nicole (39).wav,ngaran,nicole
ngaran_nicole (4).wav,ngaran,nicole
ngaran_nicole (40).wav,ngaran,nicole
ngaran_nicole (41).wav,ngaran,nicole
ngaran_nicole (42).wav,ngaran,nicole
ngaran_nicole (43).wav,ngaran,nicole
ngaran_nicole (44).wav,ngaran,nicole
ngaran_nicole (45).wav,ngaran,nicole
ngaran_nicole (46).wav,ngaran,nicole
ngaran_nicole (47).wav,ngaran,nicole
ngaran_nicole (48).wav,ngaran,nicole
ngaran_nicole (49).wav,ngaran,nicole
ngaran_nicole (5).wav,ngaran,nicole
ngaran_nicole (50).wav,ngaran,nicole
ngaran_nicole (51).wav,ngaran,nicole
ngaran_nicole (52).wav,ngaran,nicole
ngaran_nicole (53).wav,ngaran,nicole
ngaran_nicole (54).wav,ngaran,nicole
ngaran_nicole (55).wav,ngaran,nicole
ngaran_nicole (56).wav,ngaran,nicole
ngaran_nicole (57).wav,ngaran,nicole
ngaran_nicole (58).wav,ngaran,nicole
ngaran_nicole (59).wav,ngaran,nicole
ngaran_nicole (6).wav,ngaran,nicole
ngaran_nicole (60).wav,ngaran,nicole
ngaran_nicole (61).wav,ngaran,nicole
ngaran_nicole (62).wav,ngaran,nicole
ngaran_nicole (63).wav,ngaran,nicole
ngaran_nicole (64).wav,ngaran,nicole
ngaran_nicole (65).wav,ngaran,nicole
ngaran_nicole (66).wav,ngaran,nicole
ngaran_nicole (67).wav,ngaran,nicole
ngaran_nicole (68).wav,ngaran,nicole
ngaran_nicole (69).wav,ngaran,nicole
ngaran_nicole (7).wav,ngaran,nicole
ngaran_nicole (70).wav,ngaran,nicole
ngaran_nicole (71).wav,ngaran,nicole
ngaran_nicole (72).wav,ngaran,nicole
ngaran_nicole (73).wav,ngaran,nicole
ngaran_nicole (74).wav,ngaran,nicole
ngaran_nicole (75).wav,ngaran,nicole
ngaran_nicole (76).wav,ngaran,nicole
ngaran_nicole (77).wav,ngaran,nicole
ngaran_nicole (78).wav,ngaran,nicole
ngaran_nicole (79).wav,ngaran,nicole
ngaran_nicole (8).wav,ngaran,nicole
ngaran_nicole (80).wav,ngaran,nicole
ngaran_nicole (81).wav,ngaran,nicole
ngaran_nicole (82).wav,ngaran,nicole
ngaran_nicole (83).wav,ngaran,nicole
ngaran_nicole (84).wav,ngaran,nicole
ngaran_nicole (85).wav,ngaran,nicole
ngaran_nicole (86).wav,ngaran,nicole
ngaran_nicole (87).wav,ngaran,nicole
ngaran_nicole (88).wav,ngaran,nicole
ngaran_nicole (89).wav,ngaran,nicole
ngaran_nicole (9).wav,ngaran,nicole
ngaran_nicole (90).wav,ngaran,nicole
ngaran_nicole (91).wav,ngaran,nicole
ngaran_nicole (92).wav,ngaran,nicole
ngaran_nicole (93).wav,ngaran,nicole
ngaran_nicole (94).wav,ngaran,nicole
ngaran_nicole (95).wav,ngaran,nicole
ngaran_nicole (96).wav,ngaran,nicole
ngaran_nicole (97).wav,ngaran,nicole
ngaran_nicole (98).wav,ngaran,nicole
ngaran_nicole (99).wav,ngaran,nicole
ngaran_sam (1).wav,ngaran,sam
ngaran_sam (10).wav,ngaran,sam
ngaran_sam (11).wav,ngaran,sam
ngaran_sam (12).wav,ngaran,sam
ngaran_sam (13).wav,ngaran,sam
ngaran_sam (14).wav,ngaran,sam
ngaran_sam (15).wav,ngaran,sam
ngaran_sam (16).wav,ngaran,sam
ngaran_sam (17).wav,ngaran,sam
ngaran_sam (18).wav,ngaran,sam
ngaran_sam (19).wav,ngaran,sam
ngaran_sam (2).wav,ngaran,sam
ngaran_sam (20).wav,ngaran,sam
ngaran_sam (3).wav,ngaran,sam
ngaran_sam (4).wav,ngaran,sam
ngaran_sam (5).wav,ngaran,sam
ngaran_sam (6).wav,ngaran,sam
ngaran_sam (7).wav,ngaran,sam
ngaran_sam (8).wav,ngaran,sam
ngaran_sam (9).wav,ngaran,sam
tagpira_che (1).wav,tagpira,che
tagpira_che (10).wav,tagpira,che
tagpira_che (100).wav,tagpira,che
tagpira_che (101).wav,tagpira,che
tagpira_che (102).wav,tagpira,che
tagpira_che (103).wav,tagpira,che
tagpira_che (104).wav,tagpira,che
tagpira_che (11).wav,tagpira,che
tagpira_che (12).wav,tagpira,che
tagpira_che (13).wav,tagpira,che
tagpira_che (14).wav,tagpira,che
tagpira_che (15).wav,tagpira,che
tagpira_che (16).wav,tagpira,che
tagpira_che (17).wav,tagpira,che
tagpira_che (18).wav,tagpira,che
tagpira_che (19).wav,tagpira,che
tagpira_che (2).wav,tagpira,che
tagpira_che (20).wav,tagpira,che
tagpira_che (21).wav,tagpira,che
tagpira_che (22).wav,tagpira,che
tagpira_che (23).wav,tagpira,che
tagpira_che (24).wav,tagpira,che
tagpira_che (25).wav,tagpira,che
tagpira_che (26).wav,tagpira,che
tagpira_che (27).wav,tagpira,che
tagpira_che (28).wav,tagpira,che
tagpira_che (29).wav,tagpira,che
tagpira_che (3).wav,tagpira,che
tagpira_che (30).wav,tagpira,che
tagpira_che (31).wav,tagpira,che
tagpira_che (32).wav,tagpira,che
tagpira_che (33).wav,tagpira,che
tagpira_che (34).wav,tagpira,che
tagpira_che (35).wav,tagpira,che
tagpira_che (36).wav,tagpira,che
tagpira_che (37).wav,tagpira,che
tagpira_che (38).wav,tagpira,che
tagpira_che (39).wav,tagpira,che
tagpira_che (4).wav,tagpira,che
tagpira_che (40).wav,tagpira,che
tagpira_che (41).wav,tagpira,che
tagpira_che (42).wav,tagpira,che
tagpira_che (43).wav,tagpira,che
tagpira_che (44).wav,tagpira,che
tagpira_che (45).wav,tagpira,che
tagpira_che (46).wav,tagpira,che
tagpira_che (47).wav,tagpira,che
tagpira_che (48).wav,tagpira,che
tagpira_che (49).wav,tagpira,che
tagpira_che (5).wav,tagpira,che
tagpira_che (50).wav,tagpira,che
tagpira_che (51).wav,tagpira,che
tagpira_che (52).wav,tagpira,che
tagpira_che (53).wav,tagpira,che
tagpira_che (54).wav,tagpira,che
tagpira_che (55).wav,tagpira,che
tagpira_che (56).wav,tagpira,che
tagpira_che (57).wav,tagpira,che
tagpira_che (58).wav,tagpira,che
tagpira_che (59).wav,tagpira,che
tagpira_che (6).wav,tagpira,che
tagpira_che (60).wav,tagpira,che
tagpira_che (61).wav,tagpira,che
tagpira_che (62).wav,tagpira,che
tagpira_che (63).wav,tagpira,che
tagpira_che (64).wav,tagpira,che
tagpira_che (65).wav,tagpira,che
tagpira_che (66).wav,tagpira,che
tagpira_che (67).wav,tagpira,che
tagpira_che (68).wav,tagpira,che
tagpira_che (69).wav,tagpira,che
tagpira_che (7).wav,tagpira,che
tagpira_che (70).wav,tagpira,che
tagpira_che (71).wav,tagpira,che
tagpira_che (72).wav,tagpira,che
tagpira_che (73).wav,tagpira,che
tagpira_che (74).wav,tagpira,che
tagpira_che (75).wav,tagpira,che
tagpira_che (76).wav,tagpira,che
tagpira_che (77).wav,tagpira,che
tagpira_che (78).wav,tagpira,che
tagpira_che (79).wav,tagpira,che
tagpira_che (8).wav,tagpira,che
tagpira_che (80).wav,tagpira,che
tagpira_che (81).wav,tagpira,che
tagpira_che (82).wav,tagpira,che
tagpira_che (83).wav,tagpira,che
tagpira_che (84).wav,tagpira,che
tagpira_che (85).wav,tagpira,che
tagpira_che (86).wav,tagpira,che
tagpira_che (87).wav,tagpira,che
tagpira_che (88).wav,tagpira,che
tagpira_che (89).wav,tagpira,che
tagpira_che (9).wav,tagpira,che
tagpira_che (90).wav,tagpira,che
tagpira_che (91).wav,tagpira,che
tagpira_che (92).wav,tagpira,che
tagpira_che (93).wav,tagpira,che
tagpira_che (94).wav,tagpira,che
tagpira_che (95).wav,tagpira,che
tagpira_che (96).wav,tagpira,che
tagpira_che (97).wav,tagpira,che
tagpira_che (98).wav,tagpira,che
tagpira_che (99).wav,tagpira,che
tagpira_gab (1).wav,tagpira,gab
tagpira_gab (10).wav,tagpira,gab
tagpira_gab (100).wav,tagpira,gab
tagpira_gab (11).wav,tagpira,gab
tagpira_gab (12).wav,tagpira,gab
tagpira_gab (13).wav,tagpira,gab
tagpira_gab (14).wav,tagpira,gab
tagpira_gab (15).wav,tagpira,gab
tagpira_gab (16).wav,tagpira,gab
tagpira_gab (17).wav,tagpira,gab
tagpira_gab (18).wav,tagpira,gab
tagpira_gab (19).wav,tagpira,gab
tagpira_gab (2).wav,tagpira,gab
tagpira_gab (20).wav,tagpira,gab
tagpira_gab (21).wav,tagpira,gab
tagpira_gab (22).wav,tagpira,gab
tagpira_gab (23).wav,tagpira,gab
tagpira_gab (24).wav,tagpira,gab
tagpira_gab (25).wav,tagpira,gab
tagpira_gab (26).wav,tagpira,gab
tagpira_gab (27).wav,tagpira,gab
tagpira_gab (28).wav,tagpira,gab
tagpira_gab (29).wav,tagpira,gab
tagpira_gab (3).wav,tagpira,gab
tagpira_gab (30).wav,tagpira,gab
tagpira_gab (31)(1).wav,tagpira,gab
tagpira_gab (31).wav,tagpira,gab
tagpira_gab (32)(1).wav,tagpira,gab
tagpira_gab (32).wav,tagpira,gab
tagpira_gab (33)(1).wav,tagpira,gab
tagpira_gab (33).wav,tagpira,gab
tagpira_gab (34)(1).wav,tagpira,gab
tagpira_gab (34).wav,tagpira,gab
tagpira_gab (35)(1).wav,tagpira,gab
tagpira_gab (35).wav,tagpira,gab
tagpira_gab (36)(1).wav,tagpira,gab
tagpira_gab (36).wav,tagpira,gab
tagpira_gab (37)(1).wav,tagpira,gab
tagpira_gab (37).wav,tagpira,gab
tagpira_gab (38)(1).wav,tagpira,gab
tagpira_gab (38).wav,tagpira,gab
tagpira_gab (39)(1).wav,tagpira,gab
tagpira_gab (39).wav,tagpira,gab
tagpira_gab (4).wav,tagpira,gab
tagpira_gab (40)(1).wav,tagpira,gab
tagpira_gab (40).wav,tagpira,gab
tagpira_gab (41).wav,tagpira,gab
tagpira_gab (42).wav,tagpira,gab
tagpira_gab (43).wav,tagpira,gab
tagpira_gab (44).wav,tagpira,gab
tagpira_gab (45).wav,tagpira,gab
tagpira_gab (46).wav,tagpira,gab
tagpira_gab (47).wav,tagpira,gab
tagpira_gab (48).wav,tagpira,gab
tagpira_gab (49).wav,tagpira,gab
tagpira_gab (5).wav,tagpira,gab
tagpira_gab (50).wav,tagpira,gab
tagpira_gab (51).wav,tagpira,gab
tagpira_gab (52).wav,tagpira,gab
tagpira_gab (53).wav,tagpira,gab
tagpira_gab (54).wav,tagpira,gab
tagpira_gab (55).wav,tagpira,gab
tagpira_gab (56).wav,tagpira,gab
tagpira_gab (57).wav,tagpira,gab
tagpira_gab (58).wav,tagpira,gab
tagpira_gab (59).wav,tagpira,gab
tagpira_gab (6).wav,tagpira,gab
tagpira_gab (60).wav,tagpira,gab
tagpira_gab (61).wav,tagpira,gab
tagpira_gab (62).wav,tagpira,gab
tagpira_gab (63).wav,tagpira,gab
tagpira_gab (64).wav,tagpira,gab
tagpira_gab (65).wav,tagpira,gab
tagpira_gab (66).wav,tagpira,gab
tagpira_gab (67).wav,tagpira,gab
tagpira_gab (68).wav,tagpira,gab
tagpira_gab (69).wav,tagpira,gab
tagpira_gab (7).wav,tagpira,gab
tagpira_gab (70).wav,tagpira,gab
tagpira_gab (71).wav,tagpira,gab
tagpira_gab (72).wav,tagpira,gab
tagpira_gab (73).wav,tagpira,gab
tagpira_gab (74).wav,tagpira,gab
tagpira_gab (75).wav,tagpira,gab
tagpira_gab (76).wav,tagpira,gab
tagpira_gab (77).wav,tagpira,gab
tagpira_gab (78).wav,tagpira,gab
tagpira_gab (79).wav,tagpira,gab
tagpira_gab (8).wav,tagpira,gab
tagpira_gab (80).wav,tagpira,gab
tagpira_gab (81).wav,tagpira,gab
tagpira_gab (82).wav,tagpira,gab
tagpira_gab (83).wav,tagpira,gab
tagpira_gab (84).wav,tagpira,gab
tagpira_gab (85).wav,tagpira,gab
tagpira_gab (86).wav,tagpira,gab
tagpira_gab (87).wav,tagpira,gab
tagpira_gab (88).wav,tagpira,gab
tagpira_gab (89).wav,tagpira,gab
tagpira_gab (9).wav,tagpira,gab
tagpira_gab (90).wav,tagpira,gab
tagpira_gab (91).wav,tagpira,gab
tagpira_gab (92).wav,tagpira,gab
tagpira_gab (93).wav,tagpira,gab
tagpira_gab (94).wav,tagpira,gab
tagpira_gab (95).wav,tagpira,gab
tagpira_gab (96).wav,tagpira,gab
tagpira_gab (97).wav,tagpira,gab
tagpira_gab (98).wav,tagpira,gab
tagpira_gab (99).wav,tagpira,gab
tagpira_nicole (1).wav,tagpira,nicole
tagpira_nicole (10).wav,tagpira,nicole
tagpira_nicole (100).wav,tagpira,nicole
tagpira_nicole (11).wav,tagpira,nicole
tagpira_nicole (12).wav,tagpira,nicole
tagpira_nicole (13).wav,tagpira,nicole
tagpira_nicole (14).wav,tagpira,nicole
tagpira_nicole (15).wav,tagpira,nicole
tagpira_nicole (16).wav,tagpira,nicole
tagpira_nicole (17).wav,tagpira,nicole
tagpira_nicole (18).wav,tagpira,nicole
tagpira_nicole (19).wav,tagpira,nicole
tagpira_nicole (2).wav,tagpira,nicole
tagpira_nicole (20).wav,tagpira,nicole
tagpira_nicole (21).wav,tagpira,nicole
tagpira_nicole (22).wav,tagpira,nicole
tagpira_nicole (23).wav,tagpira,nicole
tagpira_nicole (24).wav,tagpira,nicole
tagpira_nicole (25).wav,tagpira,nicole
tagpira_nicole (26).wav,tagpira,nicole
tagpira_nicole (27).wav,tagpira,nicole
tagpira_nicole (28).wav,tagpira,nicole
tagpira_nicole (29).wav,tagpira,nicole
tagpira_nicole (3).wav,tagpira,nicole
tagpira_nicole (30).wav,tagpira,nicole
tagpira_nicole (31).wav,tagpira,nicole
tagpira_nicole (32).wav,tagpira,nicole
tagpira_nicole (33).wav,tagpira,nicole
tagpira_nicole (34).wav,tagpira,nicole
tagpira_nicole (35).wav,tagpira,nicole
tagpira_nicole (36).wav,tagpira,nicole
tagpira_nicole (37).wav,tagpira,nicole
tagpira_nicole (38).wav,tagpira,nicole
tagpira_nicole (39).wav,tagpira,nicole
tagpira_nicole (4).wav,tagpira,nicole
tagpira_nicole (40).wav,tagpira,nicole
tagpira_nicole (41).wav,tagpira,nicole
tagpira_nicole (42).wav,tagpira,nicole
tagpira_nicole (43).wav,tagpira,nicole
tagpira_nicole (44).wav,tagpira,nicole
tagpira_nicole (45).wav,tagpira,nicole
tagpira_nicole (46).wav,tagpira,nicole
tagpira_nicole (47).wav,tagpira,nicole
tagpira_nicole (48).wav,tagpira,nicole
tagpira_nicole (49).wav,tagpira,nicole
tagpira_nicole (5).wav,tagpira,nicole
tagpira_nicole (50).wav,tagpira,nicole
tagpira_nicole (51).wav,tagpira,nicole
tagpira_nicole (52).wav,tagpira,nicole
tagpira_nicole (53).wav,tagpira,nicole
tagpira_nicole (54).wav,tagpira,nicole
tagpira_nicole (55).wav,tagpira,nicole
tagpira_nicole (56).wav,tagpira,nicole
tagpira_nicole (57).wav,tagpira,nicole
tagpira_nicole (58).wav,tagpira,nicole
tagpira_nicole (59).wav,tagpira,nicole
tagpira_nicole (6).wav,tagpira,nicole
tagpira_nicole (60).wav,tagpira,nicole
tagpira_nicole (61).wav,tagpira,nicole
tagpira_nicole (62).wav,tagpira,nicole
tagpira_nicole (63).wav,tagpira,nicole
tagpira_nicole (64).wav,tagpira,nicole
tagpira_nicole (65).wav,tagpira,nicole
tagpira_nicole (66).wav,tagpira,nicole
tagpira_nicole (67).wav,tagpira,nicole
tagpira_nicole (68).wav,tagpira,nicole
tagpira_nicole (69).wav,tagpira,nicole
tagpira_nicole (7).wav,tagpira,nicole
tagpira_nicole (70).wav,tagpira,nicole
tagpira_nicole (71).wav,tagpira,nicole
tagpira_nicole (72).wav,tagpira,nicole
tagpira_nicole (73).wav,tagpira,nicole
tagpira_nicole (74).wav,tagpira,nicole
tagpira_nicole (75).wav,tagpira,nicole
tagpira_nicole (76).wav,tagpira,nicole
tagpira_nicole (77).wav,tagpira,nicole
tagpira_nicole (78).wav,tagpira,nicole
tagpira_nicole (79).wav,tagpira,nicole
tagpira_nicole (8).wav,tagpira,nicole
tagpira_nicole (80).wav,tagpira,nicole
tagpira_nicole (81).wav,tagpira,nicole
tagpira_nicole (82).wav,tagpira,nicole
tagpira_nicole (83).wav,tagpira,nicole
tagpira_nicole (84).wav,tagpira,nicole
tagpira_nicole (85).wav,tagpira,nicole
tagpira_nicole (86).wav,tagpira,nicole
tagpira_nicole (87).wav,tagpira,nicole
tagpira_nicole (88).wav,tagpira,nicole
tagpira_nicole (89).wav,tagpira,nicole
tagpira_nicole (9).wav,tagpira,nicole
tagpira_nicole (90).wav,tagpira,nicole
tagpira_nicole (91).wav,tagpira,nicole
tagpira_nicole (92).wav,tagpira,nicole
tagpira_nicole (93).wav,tagpira,nicole
tagpira_nicole (94).wav,tagpira,nicole
tagpira_nicole (95).wav,tagpira,nicole
tagpira_nicole (96).wav,tagpira,nicole
tagpira_nicole (97).wav,tagpira,nicole
tagpira_nicole (98).wav,tagpira,nicole
tagpira_nicole (99).wav,tagpira,nicole
